temporal_type,lag_window,horizon,graph_type,variant,tag,target_type,n_features,MAE_train,RMSE_train,MAPE_train,sMAPE_train,MAE_val,RMSE_val,MAPE_val,sMAPE_val,MAE_test,RMSE_test,MAPE_test,sMAPE_test
unit,7,7,hetero5,xgb_tabular_graphfeat_hetero5_raw,xgb_tabular_graphfeat_hetero5_h7_lag7_unit,raw,153,256.5491498992646,521.794112812109,330.0047224419953,124.74858812465179,398.4508191369464,1007.1179107974139,241.17075914730597,131.245985398469,373.9704844948373,926.6729966144931,262.0562666249747,126.73727573139661
unit,14,7,hetero5,xgb_tabular_graphfeat_hetero5_raw,xgb_tabular_graphfeat_hetero5_h7_lag14_unit,raw,181,57.46308272502805,99.1142325022358,110.1207972360153,77.99397470214534,393.3494330102916,1042.0587552632364,167.4410762358652,102.68006897794851,353.4944961796946,889.3900309480715,214.9093185071869,106.06369938648812
unit,7,7,homo5,xgb_tabular_graphfeat_homo5_raw,xgb_tabular_graphfeat_homo5_h7_lag7_unit,raw,153,249.23440844190415,507.8914800851068,318.2031019659008,124.11291090984595,388.26325475990956,987.20253813232,234.85155813367916,130.67826141526086,371.1806768812938,932.9985673106403,262.2303308268131,126.46790459663073
unit,14,7,homo5,xgb_tabular_graphfeat_homo5_raw,xgb_tabular_graphfeat_homo5_h7_lag14_unit,raw,181,47.19053313525115,80.18890835671617,94.18840581978536,74.50190874779473,397.9788254043491,1050.1670024411474,172.45432534183155,94.97687137173753,348.05631633111363,874.5779214597046,202.81781266705718,98.76703816572197
unit,7,7,projected,xgb_tabular_graphfeat_projected_raw,xgb_tabular_graphfeat_projected_h7_lag7_unit,raw,161,225.55977714663445,448.4191191195261,279.38908767384487,123.34887010175353,395.06302501711235,1004.4655461142348,225.9554898400453,131.28089497677976,366.21321273805944,912.2781129923975,237.16299412924852,126.14638183339552
unit,14,7,projected,xgb_tabular_graphfeat_projected_raw,xgb_tabular_graphfeat_projected_h7_lag14_unit,raw,189,58.971167621343874,101.6334345996725,122.86827792741433,78.79825418422841,398.34570397868356,1053.3355714054346,181.0826698033292,92.6010903544773,331.9662151992956,814.7603983720234,206.60676677635433,99.21082055510898
