temporal_type,graph_mode,lag_window,horizon,variant,tag,target_type,n_features,MAE_train,RMSE_train,MAPE_train,sMAPE_train,MAE_val,RMSE_val,MAPE_val,sMAPE_val,MAE_test,RMSE_test,MAPE_test,sMAPE_test
unit,hetero,7,7,baseline_5_xgb_gnn_embed_hetero_raw,baseline5_xgb_gnn_embed_hetero_raw_lag7_unit,raw,174,410.132481497507,834.3976728821563,624.4283825306577,130.0618889624367,501.02917767522325,1077.4975338663976,421.72533594636883,136.15245098438922,489.90707695926426,1044.8165505791005,486.01961576076775,131.74220238050688
unit,hetero,14,7,baseline_5_xgb_gnn_embed_hetero_raw,baseline5_xgb_gnn_embed_hetero_raw_lag14_unit,raw,202,59.81693047809571,100.1851620302722,116.55305817150557,115.14074741291837,401.68774632229497,1051.8797992492496,195.01120377135982,134.20669523656613,377.62806655112746,945.5638853043461,238.1725180329634,129.42979920064786
unit,homo,7,7,baseline_5_xgb_gnn_embed_homo_raw,baseline5_xgb_gnn_embed_homo_raw_lag7_unit,raw,174,165.99674270236545,307.2340162076008,238.64645397694187,122.60232859852142,422.6229839011023,1131.7783161235782,190.33384304663196,132.23471290294947,442.3611541473983,1101.9773643867368,199.6488938259688,129.45280810465502
unit,homo,14,7,baseline_5_xgb_gnn_embed_homo_raw,baseline5_xgb_gnn_embed_homo_raw_lag14_unit,raw,202,148.8311168419882,273.1947784407833,182.2062530160516,121.69060782428116,407.33161522252345,1108.3340195857131,177.1149368862523,132.1325105489174,370.678174735137,932.1247331901226,187.5923043551405,127.11270005883013
unit,proj,7,7,baseline_5_xgb_gnn_embed_proj_raw,baseline5_xgb_gnn_embed_proj_raw_lag7_unit,raw,558,216.0985470973297,414.7811135524773,275.6736082351622,123.92493337110099,421.793007912657,1072.5001247051098,233.085832581491,132.09990774225912,438.6994939613372,1075.2250094444487,206.51220877786437,128.4037382947024
unit,proj,14,7,baseline_5_xgb_gnn_embed_proj_raw,baseline5_xgb_gnn_embed_proj_raw_lag14_unit,raw,586,279.56475671339706,562.1966320216982,377.93378753061074,126.46800421790596,452.7724339713748,1102.8162661237795,280.57466996447357,133.70269308540395,376.5625299540541,904.0797196361825,300.9079671979254,126.92226043300103
