temporal_type,graph_mode,lag_window,horizon,variant,tag,target_type,n_features,MAE_train,RMSE_train,MAPE_train,sMAPE_train,MAE_val,RMSE_val,MAPE_val,sMAPE_val,MAE_test,RMSE_test,MAPE_test,sMAPE_test
unit,hetero,7,7,baseline_5_xgb_gnn_embed_hetero_raw,baseline5_xgb_gnn_embed_hetero_raw_lag7_unit,raw,174,327.8009879957459,657.9983434162801,562.8733807814714,127.30371143126315,491.543803654546,1174.638556457819,344.46895895322257,135.59490781602867,439.64841370485266,984.3214966200972,371.4646323320748,129.50853833405156
unit,hetero,14,7,baseline_5_xgb_gnn_embed_hetero_raw,baseline5_xgb_gnn_embed_hetero_raw_lag14_unit,raw,202,238.32197007256363,466.3869500864067,336.58264108453363,124.94735278979714,430.8043280760296,1079.8231398641026,234.44105785950327,132.90633596358109,364.7862807887329,871.239166647875,246.72501938690738,126.64552506009954
unit,homo,7,7,baseline_5_xgb_gnn_embed_homo_raw,baseline5_xgb_gnn_embed_homo_raw_lag7_unit,raw,174,115.37904587323293,206.58169858490157,197.65296607331533,119.89041869015257,423.03453619978615,1079.4411195962095,209.59907241625797,132.64251514454435,462.5136986618928,1119.2189615749858,197.64215887954572,130.08386583609013
unit,homo,14,7,baseline_5_xgb_gnn_embed_homo_raw,baseline5_xgb_gnn_embed_homo_raw_lag14_unit,raw,202,98.07100190527437,174.5688340711316,144.92172829413812,119.52204686938886,413.5699876663972,1088.5832492574373,187.3202041087636,133.81964724093393,372.2685709886401,972.7910719722345,189.31517844840423,128.82911865791698
unit,proj,7,7,baseline_5_xgb_gnn_embed_proj_raw,baseline5_xgb_gnn_embed_proj_raw_lag7_unit,raw,558,374.64587121177203,774.7801621633449,555.3868773713181,128.75067009345946,482.8671736061944,1124.6216196976775,349.7253282358673,135.23123550864165,469.8352119446844,1037.2725588434155,414.2393027254271,130.14917088976853
unit,proj,14,7,baseline_5_xgb_gnn_embed_proj_raw,baseline5_xgb_gnn_embed_proj_raw_lag14_unit,raw,586,120.58832807461312,218.56965255660035,169.41391973091055,120.34663188080476,422.19387538169485,1124.2306155546514,198.765196464979,134.6344099781184,365.0093408371383,892.2812019367728,204.5420931364979,128.99758615555936
