origin_day,MAE,RMSE,MAPE,sMAPE
100,1212.3309596538543,2699.5285062826615,,194.99999982729403
150,439.74131566683474,1195.4636092704213,115.90690899139935,101.42453688169944
190,535.477042557813,1062.5607681340507,66.05050651468308,101.81824878590095
