origin_day,MAE,RMSE,MAPE,sMAPE
100,1177.7447855114938,2485.420498861233,,199.99999980826627
150,336.1142970164618,863.1256984113941,111.66867942461376,98.27902530301517
190,355.71020262040986,664.5973602467194,85.99113817146778,86.9501935196812
