origin_day,MAE,RMSE,MAPE,sMAPE
100,18.65173158971593,40.708258548217344,,199.99998696417236
150,5.752973123536829,16.058490062866106,146.37045927687197,101.12183304388694
190,8.835176792084289,19.644034246200203,49.20485543997672,106.56509491593398
