origin_day,MAE,RMSE,MAPE,sMAPE
100,18.841821340750904,38.90163412589519,,194.99987435082943
150,5.126930864861611,14.805023805441657,109.69704203521016,99.14349139454852
190,8.310409266444973,19.031480301557952,74.12865931840693,96.69819895340635
