temporal_type,lag_window,horizon,variant,tag,target_type,n_features,MAE_train,RMSE_train,MAPE_train,sMAPE_train,MAE_val,RMSE_val,MAPE_val,sMAPE_val,MAE_test,RMSE_test,MAPE_test,sMAPE_test
unit,7,7,baseline_1_xgb_tabular_raw,baseline1_xgb_tabular_raw_lag7_unit,raw,109,240.069595955397,488.1786689222762,296.4018436219961,124.68719925919585,400.9931772534018,1061.0984076076163,216.16417816976,131.510293968879,409.715412175584,1035.7471584256243,230.6459521438085,127.33217970768895
unit,14,7,baseline_1_xgb_tabular_raw,baseline1_xgb_tabular_raw_lag14_unit,raw,137,176.26038900189516,340.77066200055896,229.69004021745008,122.90902434629724,402.4375443368909,1060.1092212618282,208.90870063222172,131.34021082501553,375.35823180527245,933.7732015278767,192.31127968063464,126.22772265787034
