temporal_type,graph_mode,lag_window,horizon,variant,tag,target_type,n_features,MAE_train,RMSE_train,MAPE_train,sMAPE_train,MAE_val,RMSE_val,MAPE_val,sMAPE_val,MAE_test,RMSE_test,MAPE_test,sMAPE_test
unit,hetero,7,7,baseline_3_xgb_graph_hetero_raw,baseline3_xgb_graph_hetero_raw_lag7_unit,raw,117,215.87920391370244,437.77521120562113,265.58879243507295,123.62216463705862,396.14267852905084,1041.9234982283344,204.79713567023796,130.4505367182885,401.8295101921983,1010.4963995576525,212.14931500034595,127.14814519975958
unit,hetero,14,7,baseline_3_xgb_graph_hetero_raw,baseline3_xgb_graph_hetero_raw_lag14_unit,raw,145,245.37659054973253,496.2659566597774,308.2182455905118,125.371474501566,419.5552458643478,1082.203037192445,238.87122574890248,131.93766957956984,365.32395462728954,889.6538881941675,238.02593910745227,126.07705393978192
unit,homo,7,7,baseline_3_xgb_graph_homo_raw,baseline3_xgb_graph_homo_raw_lag7_unit,raw,117,227.54552858570685,461.410289744595,286.07918474740734,123.91381277991509,397.703468874732,1049.264827555709,214.35808024702365,130.64395326982975,406.4940823991414,1004.6148470021107,214.0908423325662,127.14282987557881
unit,homo,14,7,baseline_3_xgb_graph_homo_raw,baseline3_xgb_graph_homo_raw_lag14_unit,raw,145,179.96052670133687,347.88769964962586,226.84753387646145,123.14179879082587,406.0891019956037,1084.9053268444234,198.16355458881105,131.12814173368622,365.9330288952754,901.4208911713894,189.87777353395467,126.38030392546042
unit,proj,7,7,baseline_3_xgb_graph_proj_raw,baseline3_xgb_graph_proj_raw_lag7_unit,raw,125,236.84621128275302,486.42905972653085,294.9084675632948,124.5138510095543,401.20104485400515,1057.6587498049603,228.5182405564639,131.39804853424135,421.606007211214,1037.8830341524827,239.86875073121308,128.11533295598278
unit,proj,14,7,baseline_3_xgb_graph_proj_raw,baseline3_xgb_graph_proj_raw_lag14_unit,raw,153,165.8093142380345,317.4573976220953,207.38010030806623,122.29653045754738,403.74927081346334,1078.2141921673394,182.88308550501307,131.64259357477454,368.1810715156399,932.1535316727637,198.0670541528122,126.58059352834168
