horizon,window,tag,temporal_type,output_transform,train_rmse,train_mae,train_mape,train_smape,val_rmse,val_mae,val_mape,val_smape,test_rmse,test_mae,test_mape,test_smape,n_features,seq_len
7,7,gru_baseline2_h7_w7_log1p-head_unit,unit,log1p-head,2180.1246523994905,754.41724,524.0878672455684,84.19599685545384,1538.9264114960142,571.2971,187.54821093657276,86.26646456650529,1228.8479360767142,518.2358,197.8331463505259,96.02952668174858,69,7
7,14,gru_baseline2_h7_w14_log1p-head_unit,unit,log1p-head,2031.9557081786995,682.1961,361.5693232407399,133.48442936311022,1400.0857116619682,586.46936,155.864280729277,143.1018396329192,1246.5116325169213,496.93658,131.81110591672422,152.64202929051237,69,14
