horizon,window,tag,temporal_type,target_type,train_rmse,train_mae,train_mape,train_smape,val_rmse,val_mae,val_mape,val_smape,test_rmse,test_mae,test_mape,test_smape,n_features,seq_len
7,7,gru_baseline2_h7_w7_log1p_unit,unit,log1p,2253.4595625393413,708.0551,206.54340428622393,123.81959155645939,1712.8161751921891,571.00684,125.84494323866026,133.04337942360746,1318.4687140770538,482.03033,119.81443797952045,139.01534746526093,69,7
7,7,gru_baseline2_h7_w7_raw_unit,unit,raw,2001.8416520794046,678.5073,493.5544330079045,136.9763470767249,1244.215767059717,485.97812,176.59182605986888,137.02782404633714,1128.7906692562622,453.66144,165.74892865714972,148.1613834594135,69,7
7,14,gru_baseline2_h7_w14_log1p_unit,unit,log1p,2315.4793240277486,720.03455,152.115591963701,132.5715204811411,1742.0292046920454,634.8275,95.72267696696987,153.06951367405532,1342.544505779976,496.89047,110.72084025091688,153.32585906176712,69,14
7,14,gru_baseline2_h7_w14_raw_unit,unit,raw,2101.511241939952,694.54834,388.0494611127382,134.12988584117363,1387.289894001971,540.3164,229.37428692873513,138.9220259212349,1320.4188729338885,571.7752,203.08483097003437,155.34196793457778,69,14
7,7,gru_baseline2_h7_w7_log1p_weight,weight,log1p,27.685087146205063,8.041917,164.6874265014275,93.15986263623046,22.817205743247516,8.1677475,130.7398142387917,126.60819042141121,20.435027086628732,7.2195687,121.68383046277049,129.71738756611813,69,7
7,7,gru_baseline2_h7_w7_raw_weight,weight,raw,22.61081179025762,7.4650087,322.69971134247015,120.82725118753565,19.998637343715917,8.335528,241.5038505996048,136.33541498985153,24.112239328797703,8.837973,235.28462354756536,144.45700306139932,69,7
7,14,gru_baseline2_h7_w14_log1p_weight,weight,log1p,24.641194706476796,6.7507157,116.21468940177242,98.93813716473522,24.183079830692705,9.506263,85.6268275200761,111.66221295527474,23.635986357125415,8.358446,84.5121580000053,123.81558100327834,69,14
7,14,gru_baseline2_h7_w14_raw_weight,weight,raw,19.208796806563896,6.4026923,269.85804610802955,112.64266979882444,20.71745155834244,7.70071,164.3263250629704,127.80240175144777,24.1173190999001,8.680307,125.47761758332163,146.1685673483602,69,14
