horizon,window,tag,temporal_type,output_transform,train_rmse,train_mae,train_mape,train_smape,val_rmse,val_mae,val_mape,val_smape,test_rmse,test_mae,test_mape,test_smape,n_features,seq_len
7,7,gru_baseline2_h7_w7_raw_unit,unit,raw,1964.2741661998205,648.2839,455.2598757903169,136.74859165969988,1323.2719391719904,516.4465,187.6944633251842,139.7209854488519,1189.6602981523758,463.92993,192.10220242071904,149.48866426292767,69,7
7,14,gru_baseline2_h7_w14_raw_unit,unit,raw,1950.6734093640587,657.04596,352.43334510078375,135.4623779906929,1407.9500168684967,545.50165,230.23107911286255,139.68830272450307,1320.7004296963032,552.5841,153.4878427961622,153.16345515146875,69,14
