horizon,window,tag,temporal_type,output_transform,train_rmse,train_mae,train_mape,train_smape,val_rmse,val_mae,val_mape,val_smape,test_rmse,test_mae,test_mape,test_smape,n_features,seq_len
7,7,gru_baseline2_h7_w7_raw_unit,unit,raw,1793.725592168434,597.74164,442.0988039042341,134.8928983253939,1224.3906647798324,475.47897,192.4253631500559,137.23604330577894,1263.4967847208793,506.41907,185.06044762939715,148.77795857189875,69,7
7,14,gru_baseline2_h7_w14_raw_unit,unit,raw,1995.1109618264343,687.10034,463.7528522338008,136.38869956396994,1413.6587724765832,535.19025,174.39066650125724,141.43922677211543,1378.8305280200318,559.9513,130.83467899299166,153.9982508840981,69,14
