horizon,window,tag,temporal_type,output_transform,train_rmse,train_mae,train_mape,train_smape,val_rmse,val_mae,val_mape,val_smape,test_rmse,test_mae,test_mape,test_smape,n_features,seq_len
7,7,gru_baseline2_h7_w7_softplus_unit,unit,softplus,2041.4548121376579,671.6463,398.31668870413324,139.24013092130383,1294.2300800089604,495.043,226.7172661675249,142.94672656616484,1247.0728226531119,528.36664,181.8538394695705,152.66618608046082,69,7
7,14,gru_baseline2_h7_w14_softplus_unit,unit,softplus,2006.9575855009991,655.6716,521.4805831563742,115.09763758085217,1432.163878541838,551.3917,304.6565907492357,137.50518529523964,1356.337900377336,627.4274,227.69908100635905,153.30312428135701,69,14
