horizon,lag_window,seed,zero_bucket,model,MAE,n_samples
7,7,0,high_zero,XGB,39.91356302631579,456
7,7,0,high_zero,XGB+Graph proj,57.848031804824565,456
7,7,0,high_zero,XGB+Graph homo,17.25590421855263,456
7,7,0,high_zero,XGB+Graph hetero,17.350243382368422,456
7,7,0,high_zero,GNN proj same_group,528.9536902519387,456
7,7,0,high_zero,GNN proj same_plant,704.7068493927632,456
7,7,0,high_zero,GNN proj same_storage,1125.0531307083334,456
7,7,0,high_zero,GNN proj same_subgroup,8.78048273320263,456
7,7,0,high_zero,GNN homo5,3.6663383293026315,456
7,7,0,high_zero,GNN hetero5,6.294016678048245,456
7,7,0,high_zero,XGB + GNN embed proj,173.3458373903509,456
7,7,0,high_zero,XGB + GNN embed homo,13.830604524938595,456
7,7,0,high_zero,XGB + GNN embed hetero,117.8320626315789,456
7,7,0,high_zero,XGB + graphfeat proj,109.38081672149121,456
7,7,0,high_zero,XGB + graphfeat homo,95.286198375,456
7,7,0,high_zero,XGB + graphfeat hetero,94.507751502193,456
7,7,0,high_zero,Residual GNN proj same_group,26.88835411879386,456
7,7,0,high_zero,Residual GNN proj same_plant,38.39519110951754,456
7,7,0,high_zero,Residual GNN proj same_storage,59.41764872697369,456
7,7,0,high_zero,Residual GNN proj same_subgroup,23.43825280921053,456
7,7,0,high_zero,Residual GNN homo5,39.972096388157894,456
7,7,0,high_zero,Residual GNN hetero5,17.894233496938597,456
7,7,0,mid_zero,XGB,168.510951620328,456
7,7,0,mid_zero,XGB+Graph proj,179.19179030015255,456
7,7,0,mid_zero,XGB+Graph homo,152.29546992551076,456
7,7,0,mid_zero,XGB+Graph hetero,159.06158179736747,456
7,7,0,mid_zero,GNN proj same_group,493.0021791576088,456
7,7,0,mid_zero,GNN proj same_plant,753.441382076604,456
7,7,0,mid_zero,GNN proj same_storage,1388.4597955920417,456
7,7,0,mid_zero,GNN proj same_subgroup,245.0449990938447,456
7,7,0,mid_zero,GNN homo5,261.83910204829584,456
7,7,0,mid_zero,GNN hetero5,163.68247610505338,456
7,7,0,mid_zero,XGB + GNN embed proj,240.65614594488943,456
7,7,0,mid_zero,XGB + GNN embed homo,165.25136147452534,456
7,7,0,mid_zero,XGB + GNN embed hetero,194.62680326725783,456
7,7,0,mid_zero,XGB + graphfeat proj,195.3655947080473,456
7,7,0,mid_zero,XGB + graphfeat homo,181.96275312690696,456
7,7,0,mid_zero,XGB + graphfeat hetero,183.428137365942,456
7,7,0,mid_zero,Residual GNN proj same_group,158.24953072870613,456
7,7,0,mid_zero,Residual GNN proj same_plant,157.38932573715007,456
7,7,0,mid_zero,Residual GNN proj same_storage,193.15579208822683,456
7,7,0,mid_zero,Residual GNN proj same_subgroup,172.62194193831047,456
7,7,0,mid_zero,Residual GNN homo5,162.60646387909992,456
7,7,0,mid_zero,Residual GNN hetero5,156.90314265375827,456
7,7,0,low_zero,XGB,886.2743501157117,608
7,7,0,low_zero,XGB+Graph proj,910.5772206107297,608
7,7,0,low_zero,XGB+Graph homo,911.623710768839,608
7,7,0,low_zero,XGB+Graph hetero,912.1316697828194,608
7,7,0,low_zero,GNN proj same_group,1521.9002365854399,608
7,7,0,low_zero,GNN proj same_plant,1504.0400865724105,608
7,7,0,low_zero,GNN proj same_storage,1929.9661427290198,608
7,7,0,low_zero,GNN proj same_subgroup,1450.8616734168588,608
7,7,0,low_zero,GNN homo5,1245.9883552963133,608
7,7,0,low_zero,GNN hetero5,956.034351391635,608
7,7,0,low_zero,XGB + GNN embed proj,891.1918529839658,608
7,7,0,low_zero,XGB + GNN embed homo,903.1900972116729,608
7,7,0,low_zero,XGB + GNN embed hetero,945.3626835912073,608
7,7,0,low_zero,XGB + graphfeat proj,804.7102655614353,608
7,7,0,low_zero,XGB + graphfeat homo,809.1677812955362,608
7,7,0,low_zero,XGB + graphfeat hetero,799.7493422412598,608
7,7,0,low_zero,Residual GNN proj same_group,865.1405977326548,608
7,7,0,low_zero,Residual GNN proj same_plant,855.1535085533783,608
7,7,0,low_zero,Residual GNN proj same_storage,905.8837726240174,608
7,7,0,low_zero,Residual GNN proj same_subgroup,861.5933984882398,608
7,7,0,low_zero,Residual GNN homo5,856.6741389053522,608
7,7,0,low_zero,Residual GNN hetero5,838.2560453658784,608
7,7,1,high_zero,XGB,62.6665599627193,456
7,7,1,high_zero,XGB+Graph proj,73.7510614758772,456
7,7,1,high_zero,XGB+Graph homo,92.7767983114035,456
7,7,1,high_zero,XGB+Graph hetero,98.19353535307017,456
7,7,1,high_zero,GNN proj same_group,381.6063151598904,456
7,7,1,high_zero,GNN proj same_plant,354.14061975394736,456
7,7,1,high_zero,GNN proj same_storage,597.4713868530702,456
7,7,1,high_zero,GNN proj same_subgroup,10.812210828114036,456
7,7,1,high_zero,GNN homo5,1.8109444241776316,456
7,7,1,high_zero,GNN hetero5,8.889928620122806,456
7,7,1,high_zero,XGB + GNN embed proj,183.66354923245618,456
7,7,1,high_zero,XGB + GNN embed homo,49.88771926315789,456
7,7,1,high_zero,XGB + GNN embed hetero,91.7118803508772,456
7,7,1,high_zero,XGB + graphfeat proj,96.74330884210525,456
7,7,1,high_zero,XGB + graphfeat homo,108.63857384649123,456
7,7,1,high_zero,XGB + graphfeat hetero,109.42254439692982,456
7,7,1,high_zero,Residual GNN proj same_group,44.109536315131585,456
7,7,1,high_zero,Residual GNN proj same_plant,27.280857129166666,456
7,7,1,high_zero,Residual GNN proj same_storage,52.231730331578945,456
7,7,1,high_zero,Residual GNN proj same_subgroup,36.536479225877194,456
7,7,1,high_zero,Residual GNN homo5,5.081491999385965,456
7,7,1,high_zero,Residual GNN hetero5,5.772234157960527,456
7,7,1,mid_zero,XGB,183.25231091638062,456
7,7,1,mid_zero,XGB+Graph proj,187.77660460059116,456
7,7,1,mid_zero,XGB+Graph homo,192.89427674094202,456
7,7,1,mid_zero,XGB+Graph hetero,196.67450168611748,456
7,7,1,mid_zero,GNN proj same_group,379.7133929576818,456
7,7,1,mid_zero,GNN proj same_plant,353.1917282250032,456
7,7,1,mid_zero,GNN proj same_storage,795.5650068717899,456
7,7,1,mid_zero,GNN proj same_subgroup,279.84149790603897,456
7,7,1,mid_zero,GNN homo5,246.15350565939235,456
7,7,1,mid_zero,GNN hetero5,160.51053133465547,456
7,7,1,mid_zero,XGB + GNN embed proj,248.26819675629292,456
7,7,1,mid_zero,XGB + GNN embed homo,167.95541796974317,456
7,7,1,mid_zero,XGB + GNN embed hetero,180.21204089445078,456
7,7,1,mid_zero,XGB + graphfeat proj,189.99087337032802,456
7,7,1,mid_zero,XGB + graphfeat homo,195.1806052716438,456
7,7,1,mid_zero,XGB + graphfeat hetero,193.67785121243324,456
7,7,1,mid_zero,Residual GNN proj same_group,172.37215251767861,456
7,7,1,mid_zero,Residual GNN proj same_plant,170.26459251337081,456
7,7,1,mid_zero,Residual GNN proj same_storage,207.21552986688596,456
7,7,1,mid_zero,Residual GNN proj same_subgroup,192.79244387471397,456
7,7,1,mid_zero,Residual GNN homo5,180.902830943135,456
7,7,1,mid_zero,Residual GNN hetero5,164.14854664523392,456
7,7,1,low_zero,XGB,830.1287654662074,608
7,7,1,low_zero,XGB+Graph proj,851.7109018603959,608
7,7,1,low_zero,XGB+Graph homo,864.4332914373649,608
7,7,1,low_zero,XGB+Graph hetero,865.2258065837465,608
7,7,1,low_zero,GNN proj same_group,1448.4962442605163,608
7,7,1,low_zero,GNN proj same_plant,1436.9761379295949,608
7,7,1,low_zero,GNN proj same_storage,1776.796026890176,608
7,7,1,low_zero,GNN proj same_subgroup,1384.8510388698226,608
7,7,1,low_zero,GNN homo5,1168.5311076051619,608
7,7,1,low_zero,GNN hetero5,889.3841269112621,608
7,7,1,low_zero,XGB + GNN embed proj,894.6871582209033,608
7,7,1,low_zero,XGB + GNN embed homo,904.2813734579837,608
7,7,1,low_zero,XGB + GNN embed hetero,903.5506952828391,608
7,7,1,low_zero,XGB + graphfeat proj,806.4573693624221,608
7,7,1,low_zero,XGB + graphfeat homo,790.581744359681,608
7,7,1,low_zero,XGB + graphfeat hetero,788.6311384353388,608
7,7,1,low_zero,Residual GNN proj same_group,808.9647944133216,608
7,7,1,low_zero,Residual GNN proj same_plant,787.495970744407,608
7,7,1,low_zero,Residual GNN proj same_storage,863.1967716806405,608
7,7,1,low_zero,Residual GNN proj same_subgroup,830.5438668754927,608
7,7,1,low_zero,Residual GNN homo5,880.4365710524138,608
7,7,1,low_zero,Residual GNN hetero5,854.8450222990125,608
7,7,2,high_zero,XGB,24.339875774561403,456
7,7,2,high_zero,XGB+Graph proj,76.99081749342105,456
7,7,2,high_zero,XGB+Graph homo,15.056423129166665,456
7,7,2,high_zero,XGB+Graph hetero,64.12311362280704,456
7,7,2,high_zero,GNN proj same_group,446.35916853181146,456
7,7,2,high_zero,GNN proj same_plant,467.41410782346486,456
7,7,2,high_zero,GNN proj same_storage,607.2851689254386,456
7,7,2,high_zero,GNN proj same_subgroup,9.701182242416666,456
7,7,2,high_zero,GNN homo5,3.380504789605263,456
7,7,2,high_zero,GNN hetero5,11.476720389736844,456
7,7,2,high_zero,XGB + GNN embed proj,83.6615545745614,456
7,7,2,high_zero,XGB + GNN embed homo,12.225031294671053,456
7,7,2,high_zero,XGB + GNN embed hetero,156.34801098684207,456
7,7,2,high_zero,XGB + graphfeat proj,67.85767298903508,456
7,7,2,high_zero,XGB + graphfeat homo,29.10850829385965,456
7,7,2,high_zero,XGB + graphfeat hetero,55.88618226535087,456
7,7,2,high_zero,Residual GNN proj same_group,22.298240801052632,456
7,7,2,high_zero,Residual GNN proj same_plant,29.55623957055702,456
7,7,2,high_zero,Residual GNN proj same_storage,37.79160825592106,456
7,7,2,high_zero,Residual GNN proj same_subgroup,14.996467679210527,456
7,7,2,high_zero,Residual GNN homo5,18.191063073377194,456
7,7,2,high_zero,Residual GNN hetero5,11.764677215572368,456
7,7,2,mid_zero,XGB,171.0763134545385,456
7,7,2,mid_zero,XGB+Graph proj,189.85662887252096,456
7,7,2,mid_zero,XGB+Graph homo,161.18255069170957,456
7,7,2,mid_zero,XGB+Graph hetero,185.7984073440122,456
7,7,2,mid_zero,GNN proj same_group,424.81525106243333,456
7,7,2,mid_zero,GNN proj same_plant,543.6454182046148,456
7,7,2,mid_zero,GNN proj same_storage,856.9780740916602,456
7,7,2,mid_zero,GNN proj same_subgroup,284.5586079880126,456
7,7,2,mid_zero,GNN homo5,229.17787591901953,456
7,7,2,mid_zero,GNN hetero5,169.5146289107132,456
7,7,2,mid_zero,XGB + GNN embed proj,183.29653615322272,456
7,7,2,mid_zero,XGB + GNN embed homo,157.16201178748662,456
7,7,2,mid_zero,XGB + GNN embed hetero,219.17892241418764,456
7,7,2,mid_zero,XGB + graphfeat proj,172.50774353918763,456
7,7,2,mid_zero,XGB + graphfeat homo,151.10743267807655,456
7,7,2,mid_zero,XGB + graphfeat hetero,161.86993014883677,456
7,7,2,mid_zero,Residual GNN proj same_group,170.74280694164324,456
7,7,2,mid_zero,Residual GNN proj same_plant,173.9983338865346,456
7,7,2,mid_zero,Residual GNN proj same_storage,190.45009600964912,456
7,7,2,mid_zero,Residual GNN proj same_subgroup,169.20345937449466,456
7,7,2,mid_zero,Residual GNN homo5,168.20380019082143,456
7,7,2,mid_zero,Residual GNN hetero5,164.14662146158216,456
7,7,2,low_zero,XGB,871.3701907186746,608
7,7,2,low_zero,XGB+Graph proj,878.8655437491022,608
7,7,2,low_zero,XGB+Graph homo,898.2236486228388,608
7,7,2,low_zero,XGB+Graph hetero,910.455394505681,608
7,7,2,low_zero,GNN proj same_group,1465.8287679300659,608
7,7,2,low_zero,GNN proj same_plant,1534.811704015486,608
7,7,2,low_zero,GNN proj same_storage,1787.2777442202198,608
7,7,2,low_zero,GNN proj same_subgroup,1419.9662830114237,608
7,7,2,low_zero,GNN homo5,1161.5450504839341,608
7,7,2,low_zero,GNN hetero5,884.4022393293844,608
7,7,2,low_zero,XGB + GNN embed proj,834.2484173021152,608
7,7,2,low_zero,XGB + GNN embed homo,923.8106285073457,608
7,7,2,low_zero,XGB + GNN embed hetero,915.4602028814676,608
7,7,2,low_zero,XGB + graphfeat proj,807.062467864964,608
7,7,2,low_zero,XGB + graphfeat homo,788.2065434781019,608
7,7,2,low_zero,XGB + graphfeat hetero,796.10096461626,608
7,7,2,low_zero,Residual GNN proj same_group,855.9811902279597,608
7,7,2,low_zero,Residual GNN proj same_plant,844.5534438015692,608
7,7,2,low_zero,Residual GNN proj same_storage,881.8181376662075,608
7,7,2,low_zero,Residual GNN proj same_subgroup,849.8187520221284,608
7,7,2,low_zero,Residual GNN homo5,862.9193105344908,608
7,7,2,low_zero,Residual GNN hetero5,879.1042933947359,608
7,14,0,high_zero,XGB,17.91905111513158,456
7,14,0,high_zero,XGB+Graph proj,16.946469440789475,456
7,14,0,high_zero,XGB+Graph homo,11.180275490438595,456
7,14,0,high_zero,XGB+Graph hetero,16.733342109649126,456
7,14,0,high_zero,GNN proj same_group,456.0984993456141,456
7,14,0,high_zero,GNN proj same_plant,752.5297529526732,456
7,14,0,high_zero,GNN proj same_storage,613.5355861842106,456
7,14,0,high_zero,GNN proj same_subgroup,10.12895270383772,456
7,14,0,high_zero,GNN homo5,6.667210351995614,456
7,14,0,high_zero,GNN hetero5,7.982336280723684,456
7,14,0,high_zero,XGB + GNN embed proj,58.107763219298256,456
7,14,0,high_zero,XGB + GNN embed homo,68.33741613157893,456
7,14,0,high_zero,XGB + GNN embed hetero,147.27945120614038,456
7,14,0,high_zero,XGB + graphfeat proj,5.446652043087719,456
7,14,0,high_zero,XGB + graphfeat homo,6.80958308756579,456
7,14,0,high_zero,XGB + graphfeat hetero,8.329140040438597,456
7,14,0,high_zero,Residual GNN proj same_group,16.16347696572369,456
7,14,0,high_zero,Residual GNN proj same_plant,15.998451230701756,456
7,14,0,high_zero,Residual GNN proj same_storage,71.3109919120614,456
7,14,0,high_zero,Residual GNN proj same_subgroup,8.555948309798245,456
7,14,0,high_zero,Residual GNN homo5,4.828763716008772,456
7,14,0,high_zero,Residual GNN hetero5,5.531921195438597,456
7,14,0,mid_zero,XGB,142.64377182895373,456
7,14,0,mid_zero,XGB+Graph proj,146.08605692610288,456
7,14,0,mid_zero,XGB+Graph homo,146.63978455226513,456
7,14,0,mid_zero,XGB+Graph hetero,143.35713332325196,456
7,14,0,mid_zero,GNN proj same_group,429.31461161352973,456
7,14,0,mid_zero,GNN proj same_plant,785.6061271720092,456
7,14,0,mid_zero,GNN proj same_storage,818.3278284951055,456
7,14,0,mid_zero,GNN proj same_subgroup,315.96466491849515,456
7,14,0,mid_zero,GNN homo5,228.21274336853708,456
7,14,0,mid_zero,GNN hetero5,173.05302525270147,456
7,14,0,mid_zero,XGB + GNN embed proj,161.50173147339817,456
7,14,0,mid_zero,XGB + GNN embed homo,165.20228931550344,456
7,14,0,mid_zero,XGB + GNN embed hetero,224.83688962909991,456
7,14,0,mid_zero,XGB + graphfeat proj,143.51144954876222,456
7,14,0,mid_zero,XGB + graphfeat homo,141.53945344971396,456
7,14,0,mid_zero,XGB + graphfeat hetero,138.30807203618326,456
7,14,0,mid_zero,Residual GNN proj same_group,144.10940180232362,456
7,14,0,mid_zero,Residual GNN proj same_plant,157.21353715177852,456
7,14,0,mid_zero,Residual GNN proj same_storage,205.99091432493327,456
7,14,0,mid_zero,Residual GNN proj same_subgroup,146.8351538826818,456
7,14,0,mid_zero,Residual GNN homo5,139.30370990987478,456
7,14,0,mid_zero,Residual GNN hetero5,139.9099088050607,456
7,14,0,low_zero,XGB,776.7063826882477,608
7,14,0,low_zero,XGB+Graph proj,770.9356924049883,608
7,14,0,low_zero,XGB+Graph homo,797.4914073918302,608
7,14,0,low_zero,XGB+Graph hetero,800.2290857638699,608
7,14,0,low_zero,GNN proj same_group,1418.711736390815,608
7,14,0,low_zero,GNN proj same_plant,1478.9819616831912,608
7,14,0,low_zero,GNN proj same_storage,1711.1936972195208,608
7,14,0,low_zero,GNN proj same_subgroup,1378.4633874634792,608
7,14,0,low_zero,GNN homo5,1170.4616486220648,608
7,14,0,low_zero,GNN hetero5,869.8046086153929,608
7,14,0,low_zero,XGB + GNN embed proj,819.1691789530098,608
7,14,0,low_zero,XGB + GNN embed homo,795.1666018534437,608
7,14,0,low_zero,XGB + GNN embed hetero,845.0133872822909,608
7,14,0,low_zero,XGB + graphfeat proj,732.1011106396923,608
7,14,0,low_zero,XGB + graphfeat homo,729.4680082251747,608
7,14,0,low_zero,XGB + graphfeat hetero,728.3840979351418,608
7,14,0,low_zero,Residual GNN proj same_group,769.3158306573266,608
7,14,0,low_zero,Residual GNN proj same_plant,781.2271036722938,608
7,14,0,low_zero,Residual GNN proj same_storage,809.9292364400211,608
7,14,0,low_zero,Residual GNN proj same_subgroup,783.2387841795305,608
7,14,0,low_zero,Residual GNN homo5,760.0106658790043,608
7,14,0,low_zero,Residual GNN hetero5,758.5923471436754,608
7,14,1,high_zero,XGB,48.28236273464913,456
7,14,1,high_zero,XGB+Graph proj,10.831773493947368,456
7,14,1,high_zero,XGB+Graph homo,16.936647555921056,456
7,14,1,high_zero,XGB+Graph hetero,22.766435583333333,456
7,14,1,high_zero,GNN proj same_group,486.1821291794724,456
7,14,1,high_zero,GNN proj same_plant,641.9841006177633,456
7,14,1,high_zero,GNN proj same_storage,1071.7978890394736,456
7,14,1,high_zero,GNN proj same_subgroup,10.425123123421052,456
7,14,1,high_zero,GNN homo5,2.6296086299342103,456
7,14,1,high_zero,GNN hetero5,8.028949228070177,456
7,14,1,high_zero,XGB + GNN embed proj,17.54655270241228,456
7,14,1,high_zero,XGB + GNN embed homo,8.181114823026315,456
7,14,1,high_zero,XGB + GNN embed hetero,22.534348243421054,456
7,14,1,high_zero,XGB + graphfeat proj,5.205235826451754,456
7,14,1,high_zero,XGB + graphfeat homo,7.525305192442983,456
7,14,1,high_zero,XGB + graphfeat hetero,7.5247210455745615,456
7,14,1,high_zero,Residual GNN proj same_group,24.33313326058114,456
7,14,1,high_zero,Residual GNN proj same_plant,41.79646608823465,456
7,14,1,high_zero,Residual GNN proj same_storage,39.428890835526325,456
7,14,1,high_zero,Residual GNN proj same_subgroup,24.924546496491228,456
7,14,1,high_zero,Residual GNN homo5,5.25957599388158,456
7,14,1,high_zero,Residual GNN hetero5,26.28944381995614,456
7,14,1,mid_zero,XGB,153.88283792515256,456
7,14,1,mid_zero,XGB+Graph proj,144.33561488914378,456
7,14,1,mid_zero,XGB+Graph homo,144.76366834817884,456
7,14,1,mid_zero,XGB+Graph hetero,147.0805805304157,456
7,14,1,mid_zero,GNN proj same_group,451.4202566104595,456
7,14,1,mid_zero,GNN proj same_plant,685.2861902988336,456
7,14,1,mid_zero,GNN proj same_storage,1350.9413935874331,456
7,14,1,mid_zero,GNN proj same_subgroup,333.04773789226704,456
7,14,1,mid_zero,GNN homo5,241.26040055371664,456
7,14,1,mid_zero,GNN hetero5,165.1749337518789,456
7,14,1,mid_zero,XGB + GNN embed proj,153.8805714704888,456
7,14,1,mid_zero,XGB + GNN embed homo,146.1851267065341,456
7,14,1,mid_zero,XGB + GNN embed hetero,150.54560008377828,456
7,14,1,mid_zero,XGB + graphfeat proj,144.6670030064903,456
7,14,1,mid_zero,XGB + graphfeat homo,137.25453639964817,456
7,14,1,mid_zero,XGB + graphfeat hetero,136.41155551574465,456
7,14,1,mid_zero,Residual GNN proj same_group,150.78663121987987,456
7,14,1,mid_zero,Residual GNN proj same_plant,157.81316333513473,456
7,14,1,mid_zero,Residual GNN proj same_storage,160.32332532120517,456
7,14,1,mid_zero,Residual GNN proj same_subgroup,152.42096660146834,456
7,14,1,mid_zero,Residual GNN homo5,154.52572651370738,456
7,14,1,mid_zero,Residual GNN hetero5,150.6561671898163,456
7,14,1,low_zero,XGB,779.2826895286439,608
7,14,1,low_zero,XGB+Graph proj,808.6283233928172,608
7,14,1,low_zero,XGB+Graph homo,804.4568454977514,608
7,14,1,low_zero,XGB+Graph hetero,812.5463416359092,608
7,14,1,low_zero,GNN proj same_group,1425.7006386543017,608
7,14,1,low_zero,GNN proj same_plant,1510.1767496981613,608
7,14,1,low_zero,GNN proj same_storage,2095.8012690026535,608
7,14,1,low_zero,GNN proj same_subgroup,1413.033216788638,608
7,14,1,low_zero,GNN homo5,1160.0354310535122,608
7,14,1,low_zero,GNN hetero5,816.969248794543,608
7,14,1,low_zero,XGB + GNN embed proj,867.9938784728754,608
7,14,1,low_zero,XGB + GNN embed homo,832.1063557733258,608
7,14,1,low_zero,XGB + GNN embed hetero,827.2770114862382,608
7,14,1,low_zero,XGB + graphfeat proj,739.2945193431462,608
7,14,1,low_zero,XGB + graphfeat homo,734.5364461540015,608
7,14,1,low_zero,XGB + graphfeat hetero,729.0912268999991,608
7,14,1,low_zero,Residual GNN proj same_group,778.0486579422833,608
7,14,1,low_zero,Residual GNN proj same_plant,768.0899400574268,608
7,14,1,low_zero,Residual GNN proj same_storage,772.0644185609356,608
7,14,1,low_zero,Residual GNN proj same_subgroup,752.9092570925968,608
7,14,1,low_zero,Residual GNN homo5,804.2916037403905,608
7,14,1,low_zero,Residual GNN hetero5,771.7905336495202,608
7,14,2,high_zero,XGB,11.238174613815788,456
7,14,2,high_zero,XGB+Graph proj,31.757361513157893,456
7,14,2,high_zero,XGB+Graph homo,11.417634530482458,456
7,14,2,high_zero,XGB+Graph hetero,19.467847932017545,456
7,14,2,high_zero,GNN proj same_group,635.1883566855922,456
7,14,2,high_zero,GNN proj same_plant,585.7942817346492,456
7,14,2,high_zero,GNN proj same_storage,1460.4583935307016,456
7,14,2,high_zero,GNN proj same_subgroup,11.68226027747807,456
7,14,2,high_zero,GNN homo5,4.745924665197368,456
7,14,2,high_zero,GNN hetero5,8.552291776030701,456
7,14,2,high_zero,XGB + GNN embed proj,84.3442537631579,456
7,14,2,high_zero,XGB + GNN embed homo,23.339913728070176,456
7,14,2,high_zero,XGB + GNN embed hetero,13.536351414473685,456
7,14,2,high_zero,XGB + graphfeat proj,6.968318146899124,456
7,14,2,high_zero,XGB + graphfeat homo,4.901080021804824,456
7,14,2,high_zero,XGB + graphfeat hetero,5.9450727753728065,456
7,14,2,high_zero,Residual GNN proj same_group,8.741471202236843,456
7,14,2,high_zero,Residual GNN proj same_plant,25.63386149131579,456
7,14,2,high_zero,Residual GNN proj same_storage,37.32520125,456
7,14,2,high_zero,Residual GNN proj same_subgroup,4.351900165798246,456
7,14,2,high_zero,Residual GNN homo5,6.658641937627192,456
7,14,2,high_zero,Residual GNN hetero5,15.238500824177631,456
7,14,2,mid_zero,XGB,146.95463497785724,456
7,14,2,mid_zero,XGB+Graph proj,150.16771423509408,456
7,14,2,mid_zero,XGB+Graph homo,142.875123290942,456
7,14,2,mid_zero,XGB+Graph hetero,144.0317866663806,456
7,14,2,mid_zero,GNN proj same_group,565.7927024315122,456
7,14,2,mid_zero,GNN proj same_plant,662.9087314039538,456
7,14,2,mid_zero,GNN proj same_storage,1790.5498478362572,456
7,14,2,mid_zero,GNN proj same_subgroup,323.75076263272763,456
7,14,2,mid_zero,GNN homo5,224.65421097768595,456
7,14,2,mid_zero,GNN hetero5,156.96081828514207,456
7,14,2,mid_zero,XGB + GNN embed proj,180.326680990942,456
7,14,2,mid_zero,XGB + GNN embed homo,144.07162460102975,456
7,14,2,mid_zero,XGB + GNN embed hetero,151.1948022926964,456
7,14,2,mid_zero,XGB + graphfeat proj,148.3784356083543,456
7,14,2,mid_zero,XGB + graphfeat homo,144.48141884794205,456
7,14,2,mid_zero,XGB + graphfeat hetero,145.36313357857364,456
7,14,2,mid_zero,Residual GNN proj same_group,145.7937880326128,456
7,14,2,mid_zero,Residual GNN proj same_plant,153.26973585270372,456
7,14,2,mid_zero,Residual GNN proj same_storage,172.08795989123445,456
7,14,2,mid_zero,Residual GNN proj same_subgroup,147.43546931154145,456
7,14,2,mid_zero,Residual GNN homo5,142.71059378750638,456
7,14,2,mid_zero,Residual GNN hetero5,158.7191629642315,456
7,14,2,low_zero,XGB,793.6105010501708,608
7,14,2,low_zero,XGB+Graph proj,795.0022066816044,608
7,14,2,low_zero,XGB+Graph homo,841.2964173598748,608
7,14,2,low_zero,XGB+Graph hetero,812.8419456393631,608
7,14,2,low_zero,GNN proj same_group,1457.4560659292795,608
7,14,2,low_zero,GNN proj same_plant,1573.0626219552662,608
7,14,2,low_zero,GNN proj same_storage,2160.5306642370647,608
7,14,2,low_zero,GNN proj same_subgroup,1352.528402987295,608
7,14,2,low_zero,GNN homo5,1151.2017611376186,608
7,14,2,low_zero,GNN hetero5,808.4955825417229,608
7,14,2,low_zero,XGB + GNN embed proj,875.5091739270277,608
7,14,2,low_zero,XGB + GNN embed homo,821.6669829431341,608
7,14,2,low_zero,XGB + GNN embed hetero,885.9080249357173,608
7,14,2,low_zero,XGB + graphfeat proj,737.8010166732582,608
7,14,2,low_zero,XGB + graphfeat homo,724.9600429758598,608
7,14,2,low_zero,XGB + graphfeat hetero,737.4404957432582,608
7,14,2,low_zero,Residual GNN proj same_group,781.9726496003353,608
7,14,2,low_zero,Residual GNN proj same_plant,786.11239903948,608
7,14,2,low_zero,Residual GNN proj same_storage,802.5299385750063,608
7,14,2,low_zero,Residual GNN proj same_subgroup,784.0415287427696,608
7,14,2,low_zero,Residual GNN homo5,786.0488671610261,608
7,14,2,low_zero,Residual GNN hetero5,802.3836187126709,608
7,30,0,high_zero,XGB,29.119209254385968,456
7,30,0,high_zero,XGB+Graph proj,35.538086804824566,456
7,30,0,high_zero,XGB+Graph homo,3.157844226245614,456
7,30,0,high_zero,XGB+Graph hetero,3.1420902847807017,456
7,30,0,high_zero,GNN proj same_group,438.66600505593414,456
7,30,0,high_zero,GNN proj same_plant,409.2873977069298,456
7,30,0,high_zero,GNN proj same_storage,1112.969526879386,456
7,30,0,high_zero,GNN proj same_subgroup,8.737766709999999,456
7,30,0,high_zero,GNN homo5,12.848500176666665,456
7,30,0,high_zero,GNN hetero5,9.530457615657896,456
7,30,0,high_zero,XGB + GNN embed proj,25.340650719144737,456
7,30,0,high_zero,XGB + GNN embed homo,16.747155105263158,456
7,30,0,high_zero,XGB + GNN embed hetero,92.30351550219297,456
7,30,0,high_zero,XGB + graphfeat proj,1.9510853323903508,456
7,30,0,high_zero,XGB + graphfeat homo,3.6700118154912285,456
7,30,0,high_zero,XGB + graphfeat hetero,2.6905989860000004,456
7,30,0,high_zero,Residual GNN proj same_group,64.03046477460526,456
7,30,0,high_zero,Residual GNN proj same_plant,67.00966045592105,456
7,30,0,high_zero,Residual GNN proj same_storage,102.7117019133772,456
7,30,0,high_zero,Residual GNN proj same_subgroup,13.93794311622807,456
7,30,0,high_zero,Residual GNN homo5,13.429842983771929,456
7,30,0,high_zero,Residual GNN hetero5,6.147234466624999,456
7,30,0,mid_zero,XGB,138.62259326199467,456
7,30,0,mid_zero,XGB+Graph proj,141.01724473655605,456
7,30,0,mid_zero,XGB+Graph homo,138.3950587555765,456
7,30,0,mid_zero,XGB+Graph hetero,138.62499777306192,456
7,30,0,mid_zero,GNN proj same_group,408.87082769730165,456
7,30,0,mid_zero,GNN proj same_plant,470.08448606388254,456
7,30,0,mid_zero,GNN proj same_storage,1391.4262624469238,456
7,30,0,mid_zero,GNN proj same_subgroup,300.7635128325522,456
7,30,0,mid_zero,GNN homo5,250.9998699570239,456
7,30,0,mid_zero,GNN hetero5,167.7098987209859,456
7,30,0,mid_zero,XGB + GNN embed proj,152.19899751390255,456
7,30,0,mid_zero,XGB + GNN embed homo,134.73806282646834,456
7,30,0,mid_zero,XGB + GNN embed hetero,213.25312256331043,456
7,30,0,mid_zero,XGB + graphfeat proj,133.99491591618323,456
7,30,0,mid_zero,XGB + graphfeat homo,132.58072654877097,456
7,30,0,mid_zero,XGB + graphfeat hetero,134.6433311662929,456
7,30,0,mid_zero,Residual GNN proj same_group,160.68576699971396,456
7,30,0,mid_zero,Residual GNN proj same_plant,176.75914469491863,456
7,30,0,mid_zero,Residual GNN proj same_storage,244.45139739663742,456
7,30,0,mid_zero,Residual GNN proj same_subgroup,140.90064958524027,456
7,30,0,mid_zero,Residual GNN homo5,133.75494254210432,456
7,30,0,mid_zero,Residual GNN hetero5,146.05253735218977,456
7,30,0,low_zero,XGB,760.4984043399926,608
7,30,0,low_zero,XGB+Graph proj,749.0538095563294,608
7,30,0,low_zero,XGB+Graph homo,836.3107214312097,608
7,30,0,low_zero,XGB+Graph hetero,824.4716994515056,608
7,30,0,low_zero,GNN proj same_group,1411.7927009878185,608
7,30,0,low_zero,GNN proj same_plant,1564.4855556566836,608
7,30,0,low_zero,GNN proj same_storage,2029.7207040107903,608
7,30,0,low_zero,GNN proj same_subgroup,1420.7159442244829,608
7,30,0,low_zero,GNN homo5,1199.8434867085423,608
7,30,0,low_zero,GNN hetero5,922.5650131709806,608
7,30,0,low_zero,XGB + GNN embed proj,804.3840236793183,608
7,30,0,low_zero,XGB + GNN embed homo,859.1455930524353,608
7,30,0,low_zero,XGB + GNN embed hetero,959.0357692819014,608
7,30,0,low_zero,XGB + graphfeat proj,764.8034301533316,608
7,30,0,low_zero,XGB + graphfeat homo,741.7507728488907,608
7,30,0,low_zero,XGB + graphfeat hetero,767.0386180093075,608
7,30,0,low_zero,Residual GNN proj same_group,779.7090363691044,608
7,30,0,low_zero,Residual GNN proj same_plant,786.2507655580846,608
7,30,0,low_zero,Residual GNN proj same_storage,857.0918948691593,608
7,30,0,low_zero,Residual GNN proj same_subgroup,751.665324254713,608
7,30,0,low_zero,Residual GNN homo5,757.3793452306967,608
7,30,0,low_zero,Residual GNN hetero5,749.2587118636824,608
7,30,1,high_zero,XGB,30.81567649780702,456
7,30,1,high_zero,XGB+Graph proj,4.216802736447369,456
7,30,1,high_zero,XGB+Graph homo,25.530951793859643,456
7,30,1,high_zero,XGB+Graph hetero,4.551008436403509,456
7,30,1,high_zero,GNN proj same_group,491.5134706563114,456
7,30,1,high_zero,GNN proj same_plant,687.8803826282895,456
7,30,1,high_zero,GNN proj same_storage,1203.8787499035088,456
7,30,1,high_zero,GNN proj same_subgroup,9.634076908881578,456
7,30,1,high_zero,GNN homo5,1.7429416698245617,456
7,30,1,high_zero,GNN hetero5,18.171426513190788,456
7,30,1,high_zero,XGB + GNN embed proj,15.256643771732454,456
7,30,1,high_zero,XGB + GNN embed homo,15.807641153508772,456
7,30,1,high_zero,XGB + GNN embed hetero,5.013938774122807,456
7,30,1,high_zero,XGB + graphfeat proj,3.5924065876535085,456
7,30,1,high_zero,XGB + graphfeat homo,2.1278786131578946,456
7,30,1,high_zero,XGB + graphfeat hetero,3.026255379517544,456
7,30,1,high_zero,Residual GNN proj same_group,47.9750187886842,456
7,30,1,high_zero,Residual GNN proj same_plant,29.125748903289473,456
7,30,1,high_zero,Residual GNN proj same_storage,138.40453560394735,456
7,30,1,high_zero,Residual GNN proj same_subgroup,17.279533415350876,456
7,30,1,high_zero,Residual GNN homo5,15.577402264035088,456
7,30,1,high_zero,Residual GNN hetero5,15.020052168311402,456
7,30,1,mid_zero,XGB,143.49342754795956,456
7,30,1,mid_zero,XGB+Graph proj,131.92846208131485,456
7,30,1,mid_zero,XGB+Graph homo,137.56947670289378,456
7,30,1,mid_zero,XGB+Graph hetero,131.77031218993324,456
7,30,1,mid_zero,GNN proj same_group,458.1002661588514,456
7,30,1,mid_zero,GNN proj same_plant,739.7533623804158,456
7,30,1,mid_zero,GNN proj same_storage,1477.8927164520405,456
7,30,1,mid_zero,GNN proj same_subgroup,323.6586473868942,456
7,30,1,mid_zero,GNN homo5,297.6076187023309,456
7,30,1,mid_zero,GNN hetero5,174.0504331482488,456
7,30,1,mid_zero,XGB + GNN embed proj,136.67959439866718,456
7,30,1,mid_zero,XGB + GNN embed homo,134.86899885168765,456
7,30,1,mid_zero,XGB + GNN embed hetero,146.26889669009407,456
7,30,1,mid_zero,XGB + graphfeat proj,132.40877647034262,456
7,30,1,mid_zero,XGB + graphfeat homo,133.0446034485078,456
7,30,1,mid_zero,XGB + graphfeat hetero,133.3635923711435,456
7,30,1,mid_zero,Residual GNN proj same_group,156.1975113842931,456
7,30,1,mid_zero,Residual GNN proj same_plant,151.8037511114766,456
7,30,1,mid_zero,Residual GNN proj same_storage,270.84556948125635,456
7,30,1,mid_zero,Residual GNN proj same_subgroup,145.5455560765122,456
7,30,1,mid_zero,Residual GNN homo5,148.51457753260868,456
7,30,1,mid_zero,Residual GNN hetero5,146.1008205179742,456
7,30,1,low_zero,XGB,761.9484549520993,608
7,30,1,low_zero,XGB+Graph proj,805.6921511312755,608
7,30,1,low_zero,XGB+Graph homo,769.5822901470649,608
7,30,1,low_zero,XGB+Graph hetero,787.4568317574268,608
7,30,1,low_zero,GNN proj same_group,1449.816769694121,608
7,30,1,low_zero,GNN proj same_plant,1511.8974689140057,608
7,30,1,low_zero,GNN proj same_storage,1952.9375017802886,608
7,30,1,low_zero,GNN proj same_subgroup,1393.3919225729203,608
7,30,1,low_zero,GNN homo5,1334.8056378088847,608
7,30,1,low_zero,GNN hetero5,828.9750468029903,608
7,30,1,low_zero,XGB + GNN embed proj,795.0471198612502,608
7,30,1,low_zero,XGB + GNN embed homo,756.7156416306476,608
7,30,1,low_zero,XGB + GNN embed hetero,835.0606665658388,608
7,30,1,low_zero,XGB + graphfeat proj,729.3851151083325,608
7,30,1,low_zero,XGB + graphfeat homo,772.6675158323052,608
7,30,1,low_zero,XGB + graphfeat hetero,780.5798957388084,608
7,30,1,low_zero,Residual GNN proj same_group,763.2343982028096,608
7,30,1,low_zero,Residual GNN proj same_plant,761.8269793455861,608
7,30,1,low_zero,Residual GNN proj same_storage,822.2443375652335,608
7,30,1,low_zero,Residual GNN proj same_subgroup,754.0560871101585,608
7,30,1,low_zero,Residual GNN homo5,776.336073935323,608
7,30,1,low_zero,Residual GNN hetero5,764.0558182391057,608
7,30,2,high_zero,XGB,15.947111416666665,456
7,30,2,high_zero,XGB+Graph proj,3.0500190924254382,456
7,30,2,high_zero,XGB+Graph homo,16.650277157894738,456
7,30,2,high_zero,XGB+Graph hetero,4.45052560997807,456
7,30,2,high_zero,GNN proj same_group,419.1284448366579,456
7,30,2,high_zero,GNN proj same_plant,552.2477978013156,456
7,30,2,high_zero,GNN proj same_storage,1889.6120627631578,456
7,30,2,high_zero,GNN proj same_subgroup,9.710668150899124,456
7,30,2,high_zero,GNN homo5,3.6727925390131575,456
7,30,2,high_zero,GNN hetero5,23.70377406627193,456
7,30,2,high_zero,XGB + GNN embed proj,13.034106243593202,456
7,30,2,high_zero,XGB + GNN embed homo,10.416261995394736,456
7,30,2,high_zero,XGB + GNN embed hetero,61.1723147631579,456
7,30,2,high_zero,XGB + graphfeat proj,3.5531351735307015,456
7,30,2,high_zero,XGB + graphfeat homo,2.3225579700438597,456
7,30,2,high_zero,XGB + graphfeat hetero,2.210716264232456,456
7,30,2,high_zero,Residual GNN proj same_group,41.07788999154824,456
7,30,2,high_zero,Residual GNN proj same_plant,24.181874056798247,456
7,30,2,high_zero,Residual GNN proj same_storage,64.94704282631578,456
7,30,2,high_zero,Residual GNN proj same_subgroup,5.13347104502193,456
7,30,2,high_zero,Residual GNN homo5,4.535232228881578,456
7,30,2,high_zero,Residual GNN hetero5,7.189630697807017,456
7,30,2,mid_zero,XGB,136.35062034949465,456
7,30,2,mid_zero,XGB+Graph proj,133.92234929662186,456
7,30,2,mid_zero,XGB+Graph homo,135.44332944817887,456
7,30,2,mid_zero,XGB+Graph hetero,134.36372286159994,456
7,30,2,mid_zero,GNN proj same_group,407.96442380409036,456
7,30,2,mid_zero,GNN proj same_plant,599.8529094003624,456
7,30,2,mid_zero,GNN proj same_storage,2379.3209177752988,456
7,30,2,mid_zero,GNN proj same_subgroup,329.55939040910914,456
7,30,2,mid_zero,GNN homo5,242.46954265866935,456
7,30,2,mid_zero,GNN hetero5,173.6736629605473,456
7,30,2,mid_zero,XGB + GNN embed proj,145.59097899847126,456
7,30,2,mid_zero,XGB + GNN embed homo,132.11729718217012,456
7,30,2,mid_zero,XGB + GNN embed hetero,164.30325532646833,456
7,30,2,mid_zero,XGB + graphfeat proj,134.8389619136394,456
7,30,2,mid_zero,XGB + graphfeat homo,135.11372359547101,456
7,30,2,mid_zero,XGB + graphfeat hetero,132.51895753692887,456
7,30,2,mid_zero,Residual GNN proj same_group,149.4461508309973,456
7,30,2,mid_zero,Residual GNN proj same_plant,148.98385493377512,456
7,30,2,mid_zero,Residual GNN proj same_storage,185.46058952982773,456
7,30,2,mid_zero,Residual GNN proj same_subgroup,140.11880563333236,456
7,30,2,mid_zero,Residual GNN homo5,136.66783452230166,456
7,30,2,mid_zero,Residual GNN hetero5,144.3053090066584,456
7,30,2,low_zero,XGB,779.68333215577,608
7,30,2,low_zero,XGB+Graph proj,798.0036974087918,608
7,30,2,low_zero,XGB+Graph homo,782.697866787953,608
7,30,2,low_zero,XGB+Graph hetero,797.9342966894991,608
7,30,2,low_zero,GNN proj same_group,1460.4760675396637,608
7,30,2,low_zero,GNN proj same_plant,1447.5482707366675,608
7,30,2,low_zero,GNN proj same_storage,2973.8212356888985,608
7,30,2,low_zero,GNN proj same_subgroup,1413.303290049411,608
7,30,2,low_zero,GNN homo5,1275.0671963877119,608
7,30,2,low_zero,GNN hetero5,895.6488226351131,608
7,30,2,low_zero,XGB + GNN embed proj,761.3147886304411,608
7,30,2,low_zero,XGB + GNN embed homo,967.734875357975,608
7,30,2,low_zero,XGB + GNN embed hetero,834.4368471526428,608
7,30,2,low_zero,XGB + graphfeat proj,777.7179986159794,608
7,30,2,low_zero,XGB + graphfeat homo,773.0856847120607,608
7,30,2,low_zero,XGB + graphfeat hetero,772.4291441339356,608
7,30,2,low_zero,Residual GNN proj same_group,786.513146102645,608
7,30,2,low_zero,Residual GNN proj same_plant,783.3917551007867,608
7,30,2,low_zero,Residual GNN proj same_storage,791.2658705620748,608
7,30,2,low_zero,Residual GNN proj same_subgroup,778.9687948118557,608
7,30,2,low_zero,Residual GNN homo5,786.492804003303,608
7,30,2,low_zero,Residual GNN hetero5,789.3814992128424,608
14,7,0,high_zero,XGB,37.70132472580645,372
14,7,0,high_zero,XGB+Graph proj,17.24125538978495,372
14,7,0,high_zero,XGB+Graph homo,8.990134217473118,372
14,7,0,high_zero,XGB+Graph hetero,6.926387858225806,372
14,7,0,high_zero,GNN proj same_group,553.0593917315053,372
14,7,0,high_zero,GNN proj same_plant,701.8966051876343,372
14,7,0,high_zero,GNN proj same_storage,1784.4601754301073,372
14,7,0,high_zero,GNN proj same_subgroup,11.52950517534946,372
14,7,0,high_zero,GNN homo5,5.165093029516129,372
14,7,0,high_zero,GNN hetero5,15.1728689272043,372
14,7,0,high_zero,XGB + GNN embed proj,51.850607177419356,372
14,7,0,high_zero,XGB + GNN embed homo,23.966670438172045,372
14,7,0,high_zero,XGB + GNN embed hetero,31.81421226344086,372
14,7,0,high_zero,XGB + graphfeat proj,9.380293238822581,372
14,7,0,high_zero,XGB + graphfeat homo,7.866650802932795,372
14,7,0,high_zero,XGB + graphfeat hetero,8.413549647123657,372
14,7,0,high_zero,Residual GNN proj same_group,86.89514694569891,372
14,7,0,high_zero,Residual GNN proj same_plant,91.99823387446236,372
14,7,0,high_zero,Residual GNN proj same_storage,96.7568900951613,372
14,7,0,high_zero,Residual GNN proj same_subgroup,23.054254026881722,372
14,7,0,high_zero,Residual GNN homo5,5.136266700537635,372
14,7,0,high_zero,Residual GNN hetero5,24.26409727016129,372
14,7,0,mid_zero,XGB,66.76437115879693,186
14,7,0,mid_zero,XGB+Graph proj,55.86127277976468,186
14,7,0,mid_zero,XGB+Graph homo,53.44873888889014,186
14,7,0,mid_zero,XGB+Graph hetero,52.6395315191912,186
14,7,0,mid_zero,GNN proj same_group,561.3698493717002,186
14,7,0,mid_zero,GNN proj same_plant,533.6817082394421,186
14,7,0,mid_zero,GNN proj same_storage,2188.7316642699084,186
14,7,0,mid_zero,GNN proj same_subgroup,62.9234898883715,186
14,7,0,mid_zero,GNN homo5,191.08083043928085,186
14,7,0,mid_zero,GNN hetero5,78.13654646674381,186
14,7,0,mid_zero,XGB + GNN embed proj,79.29692263729157,186
14,7,0,mid_zero,XGB + GNN embed homo,63.544966128331,186
14,7,0,mid_zero,XGB + GNN embed hetero,71.25908881650304,186
14,7,0,mid_zero,XGB + graphfeat proj,55.398042397614155,186
14,7,0,mid_zero,XGB + graphfeat homo,54.33272146524856,186
14,7,0,mid_zero,XGB + graphfeat hetero,54.798847869012,186
14,7,0,mid_zero,Residual GNN proj same_group,123.22286413158835,186
14,7,0,mid_zero,Residual GNN proj same_plant,113.68158336363567,186
14,7,0,mid_zero,Residual GNN proj same_storage,147.23842947545583,186
14,7,0,mid_zero,Residual GNN proj same_subgroup,70.33837164266791,186
14,7,0,mid_zero,Residual GNN homo5,60.34907092008726,186
14,7,0,mid_zero,Residual GNN hetero5,62.98744741846657,186
14,7,0,low_zero,XGB,638.5023966987618,682
14,7,0,low_zero,XGB+Graph proj,631.8094817879262,682
14,7,0,low_zero,XGB+Graph homo,652.2312604836676,682
14,7,0,low_zero,XGB+Graph hetero,659.6235929432942,682
14,7,0,low_zero,GNN proj same_group,1236.5933101333044,682
14,7,0,low_zero,GNN proj same_plant,1382.6187198942864,682
14,7,0,low_zero,GNN proj same_storage,2465.0480460489894,682
14,7,0,low_zero,GNN proj same_subgroup,1273.1986261449222,682
14,7,0,low_zero,GNN homo5,1003.3630251531797,682
14,7,0,low_zero,GNN hetero5,758.9314976104102,682
14,7,0,low_zero,XGB + GNN embed proj,722.9424964377223,682
14,7,0,low_zero,XGB + GNN embed homo,673.6556509230936,682
14,7,0,low_zero,XGB + GNN embed hetero,751.9504197119159,682
14,7,0,low_zero,XGB + graphfeat proj,635.8262879179566,682
14,7,0,low_zero,XGB + graphfeat homo,610.6766610023681,682
14,7,0,low_zero,XGB + graphfeat hetero,613.9155257830229,682
14,7,0,low_zero,Residual GNN proj same_group,653.5448900722419,682
14,7,0,low_zero,Residual GNN proj same_plant,693.6112553950961,682
14,7,0,low_zero,Residual GNN proj same_storage,733.3196679139622,682
14,7,0,low_zero,Residual GNN proj same_subgroup,709.6131951925504,682
14,7,0,low_zero,Residual GNN homo5,677.2309207653797,682
14,7,0,low_zero,Residual GNN hetero5,707.1145835063285,682
14,7,1,high_zero,XGB,60.44924045698925,372
14,7,1,high_zero,XGB+Graph proj,28.918401564516135,372
14,7,1,high_zero,XGB+Graph homo,15.800900782258063,372
14,7,1,high_zero,XGB+Graph hetero,17.258744927419357,372
14,7,1,high_zero,GNN proj same_group,450.7980277890645,372
14,7,1,high_zero,GNN proj same_plant,535.9749812580645,372
14,7,1,high_zero,GNN proj same_storage,717.8825742193549,372
14,7,1,high_zero,GNN proj same_subgroup,8.999799321102149,372
14,7,1,high_zero,GNN homo5,2.21586389983871,372
14,7,1,high_zero,GNN hetero5,12.258706829758065,372
14,7,1,high_zero,XGB + GNN embed proj,91.84485216666664,372
14,7,1,high_zero,XGB + GNN embed homo,14.100437686559138,372
14,7,1,high_zero,XGB + GNN embed hetero,111.44023333333332,372
14,7,1,high_zero,XGB + graphfeat proj,9.970276567876343,372
14,7,1,high_zero,XGB + graphfeat homo,15.00954320967742,372
14,7,1,high_zero,XGB + graphfeat hetero,5.308740469811828,372
14,7,1,high_zero,Residual GNN proj same_group,167.9579244247312,372
14,7,1,high_zero,Residual GNN proj same_plant,114.75538396962365,372
14,7,1,high_zero,Residual GNN proj same_storage,110.67262542876344,372
14,7,1,high_zero,Residual GNN proj same_subgroup,36.90752173817204,372
14,7,1,high_zero,Residual GNN homo5,21.590005059139784,372
14,7,1,high_zero,Residual GNN hetero5,37.950045436827956,372
14,7,1,mid_zero,XGB,79.29430453514104,186
14,7,1,mid_zero,XGB+Graph proj,63.590117594280805,186
14,7,1,mid_zero,XGB+Graph homo,54.154294895535294,186
14,7,1,mid_zero,XGB+Graph hetero,54.52896107564281,186
14,7,1,mid_zero,GNN proj same_group,457.24869272528434,186
14,7,1,mid_zero,GNN proj same_plant,378.8730232125604,186
14,7,1,mid_zero,GNN proj same_storage,882.8048099146797,186
14,7,1,mid_zero,GNN proj same_subgroup,60.63143531423172,186
14,7,1,mid_zero,GNN homo5,196.0025548726679,186
14,7,1,mid_zero,GNN hetero5,71.45000275988232,186
14,7,1,mid_zero,XGB + GNN embed proj,103.94878051901199,186
14,7,1,mid_zero,XGB + GNN embed homo,63.427213732094444,186
14,7,1,mid_zero,XGB + GNN embed hetero,115.77244475019481,186
14,7,1,mid_zero,XGB + graphfeat proj,56.20854601885071,186
14,7,1,mid_zero,XGB + graphfeat homo,55.25365081256038,186
14,7,1,mid_zero,XGB + graphfeat hetero,54.21693456659265,186
14,7,1,mid_zero,Residual GNN proj same_group,190.510759149626,186
14,7,1,mid_zero,Residual GNN proj same_plant,119.96894178051735,186
14,7,1,mid_zero,Residual GNN proj same_storage,168.89756142184822,186
14,7,1,mid_zero,Residual GNN proj same_subgroup,81.62397562116253,186
14,7,1,mid_zero,Residual GNN homo5,81.1117298738507,186
14,7,1,mid_zero,Residual GNN hetero5,110.43459884159263,186
14,7,1,low_zero,XGB,607.138572653456,682
14,7,1,low_zero,XGB+Graph proj,630.0173823791712,682
14,7,1,low_zero,XGB+Graph homo,640.6396491914219,682
14,7,1,low_zero,XGB+Graph hetero,633.4304141695,682
14,7,1,low_zero,GNN proj same_group,1224.987594099633,682
14,7,1,low_zero,GNN proj same_plant,1286.8187722729467,682
14,7,1,low_zero,GNN proj same_storage,1572.80866730325,682
14,7,1,low_zero,GNN proj same_subgroup,1224.6449850836232,682
14,7,1,low_zero,GNN homo5,1036.6796174343674,682
14,7,1,low_zero,GNN hetero5,744.5915370407662,682
14,7,1,low_zero,XGB + GNN embed proj,703.5618962832747,682
14,7,1,low_zero,XGB + GNN embed homo,692.1589704888655,682
14,7,1,low_zero,XGB + GNN embed hetero,793.0579203098375,682
14,7,1,low_zero,XGB + graphfeat proj,603.7582383075998,682
14,7,1,low_zero,XGB + graphfeat homo,610.0880465295597,682
14,7,1,low_zero,XGB + graphfeat hetero,618.4554616886847,682
14,7,1,low_zero,Residual GNN proj same_group,636.6324842271098,682
14,7,1,low_zero,Residual GNN proj same_plant,622.6221400436319,682
14,7,1,low_zero,Residual GNN proj same_storage,687.9173750956516,682
14,7,1,low_zero,Residual GNN proj same_subgroup,656.2404082153265,682
14,7,1,low_zero,Residual GNN homo5,658.8481706230042,682
14,7,1,low_zero,Residual GNN hetero5,682.8502916371782,682
14,7,2,high_zero,XGB,21.535848965591402,372
14,7,2,high_zero,XGB+Graph proj,10.471130154811828,372
14,7,2,high_zero,XGB+Graph homo,14.933450072580644,372
14,7,2,high_zero,XGB+Graph hetero,14.43361112688172,372
14,7,2,high_zero,GNN proj same_group,647.5782043869716,372
14,7,2,high_zero,GNN proj same_plant,560.5657287879033,372
14,7,2,high_zero,GNN proj same_storage,395.1367625645162,372
14,7,2,high_zero,GNN proj same_subgroup,9.570231556720431,372
14,7,2,high_zero,GNN homo5,2.508832609489247,372
14,7,2,high_zero,GNN hetero5,13.243354088736558,372
14,7,2,high_zero,XGB + GNN embed proj,95.87845484408602,372
14,7,2,high_zero,XGB + GNN embed homo,23.14711889784946,372
14,7,2,high_zero,XGB + GNN embed hetero,14.169041023655915,372
14,7,2,high_zero,XGB + graphfeat proj,9.722159086344087,372
14,7,2,high_zero,XGB + graphfeat homo,7.342906384086022,372
14,7,2,high_zero,XGB + graphfeat hetero,39.114050215053766,372
14,7,2,high_zero,Residual GNN proj same_group,82.70349927922581,372
14,7,2,high_zero,Residual GNN proj same_plant,78.87842465677419,372
14,7,2,high_zero,Residual GNN proj same_storage,88.02892202607526,372
14,7,2,high_zero,Residual GNN proj same_subgroup,15.247070831989246,372
14,7,2,high_zero,Residual GNN homo5,5.468025383870969,372
14,7,2,high_zero,Residual GNN hetero5,15.191609509932796,372
14,7,2,mid_zero,XGB,61.176051449119534,186
14,7,2,mid_zero,XGB+Graph proj,54.807492584764695,186
14,7,2,mid_zero,XGB+Graph homo,55.43766825359981,186
14,7,2,mid_zero,XGB+Graph hetero,55.448773542130276,186
14,7,2,mid_zero,GNN proj same_group,656.9535898598723,186
14,7,2,mid_zero,GNN proj same_plant,408.5995230211625,186
14,7,2,mid_zero,GNN proj same_storage,505.4494608618124,186
14,7,2,mid_zero,GNN proj same_subgroup,62.27630835966184,186
14,7,2,mid_zero,GNN homo5,168.69309903288297,186
14,7,2,mid_zero,GNN hetero5,80.90477352314166,186
14,7,2,mid_zero,XGB + GNN embed proj,104.14272814804426,186
14,7,2,mid_zero,XGB + GNN embed homo,62.42978967134175,186
14,7,2,mid_zero,XGB + GNN embed hetero,59.066089122954644,186
14,7,2,mid_zero,XGB + graphfeat proj,55.05203315003351,186
14,7,2,mid_zero,XGB + graphfeat homo,53.235582746431355,186
14,7,2,mid_zero,XGB + graphfeat hetero,66.69288931471092,186
14,7,2,mid_zero,Residual GNN proj same_group,121.23429644192771,186
14,7,2,mid_zero,Residual GNN proj same_plant,104.7260748700639,186
14,7,2,mid_zero,Residual GNN proj same_storage,139.299923031175,186
14,7,2,mid_zero,Residual GNN proj same_subgroup,65.50108911123405,186
14,7,2,mid_zero,Residual GNN homo5,63.34242254191523,186
14,7,2,mid_zero,Residual GNN hetero5,56.356582330463624,186
14,7,2,low_zero,XGB,621.2245290594677,682
14,7,2,low_zero,XGB+Graph proj,658.7942569713327,682
14,7,2,low_zero,XGB+Graph homo,640.068070675854,682
14,7,2,low_zero,XGB+Graph hetero,655.8603057640748,682
14,7,2,low_zero,GNN proj same_group,1323.8345657352636,682
14,7,2,low_zero,GNN proj same_plant,1319.0617421874829,682
14,7,2,low_zero,GNN proj same_storage,1486.1872364930546,682
14,7,2,low_zero,GNN proj same_subgroup,1264.07545155172,682
14,7,2,low_zero,GNN homo5,977.0686145586384,682
14,7,2,low_zero,GNN hetero5,698.0468263527644,682
14,7,2,low_zero,XGB + GNN embed proj,758.0235962466601,682
14,7,2,low_zero,XGB + GNN embed homo,676.4645417553038,682
14,7,2,low_zero,XGB + GNN embed hetero,723.7590994857778,682
14,7,2,low_zero,XGB + graphfeat proj,630.5015566866491,682
14,7,2,low_zero,XGB + graphfeat homo,596.8544050787312,682
14,7,2,low_zero,XGB + graphfeat hetero,603.2189959926119,682
14,7,2,low_zero,Residual GNN proj same_group,631.6955025551157,682
14,7,2,low_zero,Residual GNN proj same_plant,682.1376678344412,682
14,7,2,low_zero,Residual GNN proj same_storage,665.61918154623,682
14,7,2,low_zero,Residual GNN proj same_subgroup,695.5493724708048,682
14,7,2,low_zero,Residual GNN homo5,650.0868567511568,682
14,7,2,low_zero,Residual GNN hetero5,602.8718169524508,682
14,14,0,high_zero,XGB,17.098633783602153,372
14,14,0,high_zero,XGB+Graph proj,5.407335921962365,372
14,14,0,high_zero,XGB+Graph homo,4.3226089558978495,372
14,14,0,high_zero,XGB+Graph hetero,5.705790013817204,372
14,14,0,high_zero,GNN proj same_group,305.6832089268979,372
14,14,0,high_zero,GNN proj same_plant,772.3916330336023,372
14,14,0,high_zero,GNN proj same_storage,721.3638848091397,372
14,14,0,high_zero,GNN proj same_subgroup,9.145066342069892,372
14,14,0,high_zero,GNN homo5,6.555476420698924,372
14,14,0,high_zero,GNN hetero5,30.80835112782258,372
14,14,0,high_zero,XGB + GNN embed proj,11.865760001483869,372
14,14,0,high_zero,XGB + GNN embed homo,20.626981110215052,372
14,14,0,high_zero,XGB + GNN embed hetero,12.871938959677419,372
14,14,0,high_zero,XGB + graphfeat proj,4.544190712365591,372
14,14,0,high_zero,XGB + graphfeat homo,3.8975056988118277,372
14,14,0,high_zero,XGB + graphfeat hetero,4.382358565806452,372
14,14,0,high_zero,Residual GNN proj same_group,77.39682756758336,372
14,14,0,high_zero,Residual GNN proj same_plant,45.37352503037634,372
14,14,0,high_zero,Residual GNN proj same_storage,94.13937620430106,372
14,14,0,high_zero,Residual GNN proj same_subgroup,18.183043581989246,372
14,14,0,high_zero,Residual GNN homo5,4.591124670287634,372
14,14,0,high_zero,Residual GNN hetero5,11.919922564247313,372
14,14,0,mid_zero,XGB,58.728214132632075,186
14,14,0,mid_zero,XGB+Graph proj,56.5398590609654,186
14,14,0,mid_zero,XGB+Graph homo,56.53521830708011,186
14,14,0,mid_zero,XGB+Graph hetero,55.88078777852812,186
14,14,0,mid_zero,GNN proj same_group,313.07095386019483,186
14,14,0,mid_zero,GNN proj same_plant,570.292462853592,186
14,14,0,mid_zero,GNN proj same_storage,889.1420357012622,186
14,14,0,mid_zero,GNN proj same_subgroup,60.04894665643602,186
14,14,0,mid_zero,GNN homo5,151.0580897768077,186
14,14,0,mid_zero,GNN hetero5,127.91486026632383,186
14,14,0,mid_zero,XGB + GNN embed proj,65.19785836030232,186
14,14,0,mid_zero,XGB + GNN embed homo,70.38441483083996,186
14,14,0,mid_zero,XGB + GNN embed hetero,59.89687359965716,186
14,14,0,mid_zero,XGB + graphfeat proj,57.80340214641343,186
14,14,0,mid_zero,XGB + graphfeat homo,55.28649228761415,186
14,14,0,mid_zero,XGB + graphfeat hetero,56.8553629080801,186
14,14,0,mid_zero,Residual GNN proj same_group,108.8161410908758,186
14,14,0,mid_zero,Residual GNN proj same_plant,78.1300038844242,186
14,14,0,mid_zero,Residual GNN proj same_storage,140.82511767760633,186
14,14,0,mid_zero,Residual GNN proj same_subgroup,60.45835151220196,186
14,14,0,mid_zero,Residual GNN homo5,62.519490950732425,186
14,14,0,mid_zero,Residual GNN hetero5,62.22069806757831,186
14,14,0,low_zero,XGB,586.6086927033101,682
14,14,0,low_zero,XGB+Graph proj,593.8174844928083,682
14,14,0,low_zero,XGB+Graph homo,562.264297131192,682
14,14,0,low_zero,XGB+Graph hetero,556.3872648858479,682
14,14,0,low_zero,GNN proj same_group,1224.4954361478835,682
14,14,0,low_zero,GNN proj same_plant,1401.6158954176683,682
14,14,0,low_zero,GNN proj same_storage,1668.078500042253,682
14,14,0,low_zero,GNN proj same_subgroup,1203.3345635141102,682
14,14,0,low_zero,GNN homo5,979.4340072008308,682
14,14,0,low_zero,GNN hetero5,593.5139278264766,682
14,14,0,low_zero,XGB + GNN embed proj,573.6216590222061,682
14,14,0,low_zero,XGB + GNN embed homo,598.7050384020157,682
14,14,0,low_zero,XGB + GNN embed hetero,591.4338608989526,682
14,14,0,low_zero,XGB + graphfeat proj,538.9600892869175,682
14,14,0,low_zero,XGB + graphfeat homo,538.4734753026634,682
14,14,0,low_zero,XGB + graphfeat hetero,548.860897242342,682
14,14,0,low_zero,Residual GNN proj same_group,608.8254693315106,682
14,14,0,low_zero,Residual GNN proj same_plant,598.859907589879,682
14,14,0,low_zero,Residual GNN proj same_storage,658.6322879343071,682
14,14,0,low_zero,Residual GNN proj same_subgroup,622.9674212724865,682
14,14,0,low_zero,Residual GNN homo5,588.0794481925142,682
14,14,0,low_zero,Residual GNN hetero5,569.455573033846,682
14,14,1,high_zero,XGB,48.196060145161304,372
14,14,1,high_zero,XGB+Graph proj,6.73403842204301,372
14,14,1,high_zero,XGB+Graph homo,5.599465799892473,372
14,14,1,high_zero,XGB+Graph hetero,4.936846950080645,372
14,14,1,high_zero,GNN proj same_group,489.3242248100285,372
14,14,1,high_zero,GNN proj same_plant,549.1160288112903,372
14,14,1,high_zero,GNN proj same_storage,1152.2920641935482,372
14,14,1,high_zero,GNN proj same_subgroup,9.734228588682795,372
14,14,1,high_zero,GNN homo5,3.491567671317205,372
14,14,1,high_zero,GNN hetero5,13.93178035072581,372
14,14,1,high_zero,XGB + GNN embed proj,14.800322756532259,372
14,14,1,high_zero,XGB + GNN embed homo,15.129234456989247,372
14,14,1,high_zero,XGB + GNN embed hetero,10.716061510483872,372
14,14,1,high_zero,XGB + graphfeat proj,4.695468691134947,372
14,14,1,high_zero,XGB + graphfeat homo,3.4765454331290324,372
14,14,1,high_zero,XGB + graphfeat hetero,5.119570990021505,372
14,14,1,high_zero,Residual GNN proj same_group,134.04567136881718,372
14,14,1,high_zero,Residual GNN proj same_plant,68.35255819478495,372
14,14,1,high_zero,Residual GNN proj same_storage,313.64885379032256,372
14,14,1,high_zero,Residual GNN proj same_subgroup,32.75298264596774,372
14,14,1,high_zero,Residual GNN homo5,9.26506022607527,372
14,14,1,high_zero,Residual GNN hetero5,33.40204079032257,372
14,14,1,mid_zero,XGB,76.35252721256039,186
14,14,1,mid_zero,XGB+Graph proj,58.89268769196899,186
14,14,1,mid_zero,XGB+Graph homo,56.25824886868941,186
14,14,1,mid_zero,XGB+Graph hetero,54.739856635033505,186
14,14,1,mid_zero,GNN proj same_group,494.3359755903382,186
14,14,1,mid_zero,GNN proj same_plant,396.60708708173604,186
14,14,1,mid_zero,GNN proj same_storage,1399.1384235889045,186
14,14,1,mid_zero,GNN proj same_subgroup,60.56646188052205,186
14,14,1,mid_zero,GNN homo5,187.9273779585281,186
14,14,1,mid_zero,GNN hetero5,82.94542356380707,186
14,14,1,mid_zero,XGB + GNN embed proj,62.38622137137759,186
14,14,1,mid_zero,XGB + GNN embed homo,68.41763934159265,186
14,14,1,mid_zero,XGB + GNN embed hetero,58.10701272241702,186
14,14,1,mid_zero,XGB + graphfeat proj,57.48902527501557,186
14,14,1,mid_zero,XGB + graphfeat homo,55.54701234277545,186
14,14,1,mid_zero,XGB + graphfeat hetero,56.56526128245286,186
14,14,1,mid_zero,Residual GNN proj same_group,170.24631265233754,186
14,14,1,mid_zero,Residual GNN proj same_plant,96.06957183582203,186
14,14,1,mid_zero,Residual GNN proj same_storage,402.98434692169246,186
14,14,1,mid_zero,Residual GNN proj same_subgroup,77.07023580342059,186
14,14,1,mid_zero,Residual GNN homo5,72.28994796148513,186
14,14,1,mid_zero,Residual GNN hetero5,63.34287479858189,186
14,14,1,low_zero,XGB,580.3388567721677,682
14,14,1,low_zero,XGB+Graph proj,563.2349145136892,682
14,14,1,low_zero,XGB+Graph homo,578.0514350885192,682
14,14,1,low_zero,XGB+Graph hetero,571.8439014395587,682
14,14,1,low_zero,GNN proj same_group,1191.3658348190074,682
14,14,1,low_zero,GNN proj same_plant,1285.6203525706007,682
14,14,1,low_zero,GNN proj same_storage,1778.272311760239,682
14,14,1,low_zero,GNN proj same_subgroup,1232.3109166936192,682
14,14,1,low_zero,GNN homo5,945.4550057360947,682
14,14,1,low_zero,GNN hetero5,604.5750951319994,682
14,14,1,low_zero,XGB + GNN embed proj,574.8547778519883,682
14,14,1,low_zero,XGB + GNN embed homo,573.6339951947505,682
14,14,1,low_zero,XGB + GNN embed hetero,589.9969875203919,682
14,14,1,low_zero,XGB + graphfeat proj,552.2169523972273,682
14,14,1,low_zero,XGB + graphfeat homo,547.2718952155582,682
14,14,1,low_zero,XGB + graphfeat hetero,562.6297211859492,682
14,14,1,low_zero,Residual GNN proj same_group,617.173060669755,682
14,14,1,low_zero,Residual GNN proj same_plant,590.1762207690884,682
14,14,1,low_zero,Residual GNN proj same_storage,795.0656356526343,682
14,14,1,low_zero,Residual GNN proj same_subgroup,588.4597571773478,682
14,14,1,low_zero,Residual GNN homo5,559.8037837139346,682
14,14,1,low_zero,Residual GNN hetero5,573.2899851716348,682
14,14,2,high_zero,XGB,10.52703509516129,372
14,14,2,high_zero,XGB+Graph proj,4.077388696693548,372
14,14,2,high_zero,XGB+Graph homo,5.222568061666666,372
14,14,2,high_zero,XGB+Graph hetero,18.777598572580644,372
14,14,2,high_zero,GNN proj same_group,547.7039838264086,372
14,14,2,high_zero,GNN proj same_plant,667.9311447201613,372
14,14,2,high_zero,GNN proj same_storage,1461.7465326344086,372
14,14,2,high_zero,GNN proj same_subgroup,7.558663650158603,372
14,14,2,high_zero,GNN homo5,5.669734285833334,372
14,14,2,high_zero,GNN hetero5,13.33620246155376,372
14,14,2,high_zero,XGB + GNN embed proj,19.962242291612903,372
14,14,2,high_zero,XGB + GNN embed homo,7.516303051344085,372
14,14,2,high_zero,XGB + GNN embed hetero,4.744310383956989,372
14,14,2,high_zero,XGB + graphfeat proj,4.298345243,372
14,14,2,high_zero,XGB + graphfeat homo,3.384044217169355,372
14,14,2,high_zero,XGB + graphfeat hetero,4.76643149572043,372
14,14,2,high_zero,Residual GNN proj same_group,69.24321599833335,372
14,14,2,high_zero,Residual GNN proj same_plant,113.76833977887097,372
14,14,2,high_zero,Residual GNN proj same_storage,70.26839470704302,372
14,14,2,high_zero,Residual GNN proj same_subgroup,7.740061140860215,372
14,14,2,high_zero,Residual GNN homo5,4.1799790525591405,372
14,14,2,high_zero,Residual GNN hetero5,13.208903717741935,372
14,14,2,mid_zero,XGB,61.81434607349228,186
14,14,2,mid_zero,XGB+Graph proj,55.98079279897616,186
14,14,2,mid_zero,XGB+Graph homo,55.10788843987221,186
14,14,2,mid_zero,XGB+Graph hetero,59.910025454495866,186
14,14,2,mid_zero,GNN proj same_group,554.6801900996571,186
14,14,2,mid_zero,GNN proj same_plant,498.1611879329904,186
14,14,2,mid_zero,GNN proj same_storage,1793.9821933465794,186
14,14,2,mid_zero,GNN proj same_subgroup,60.30283588261882,186
14,14,2,mid_zero,GNN homo5,166.75139063492597,186
14,14,2,mid_zero,GNN hetero5,75.00575154499455,186
14,14,2,mid_zero,XGB + GNN embed proj,62.64177497902212,186
14,14,2,mid_zero,XGB + GNN embed homo,67.39151977116254,186
14,14,2,mid_zero,XGB + GNN embed hetero,58.8171978655568,186
14,14,2,mid_zero,XGB + graphfeat proj,58.07123429141342,186
14,14,2,mid_zero,XGB + graphfeat homo,56.52784582990805,186
14,14,2,mid_zero,XGB + graphfeat hetero,56.69174427775752,186
14,14,2,mid_zero,Residual GNN proj same_group,117.19219086391459,186
14,14,2,mid_zero,Residual GNN proj same_plant,132.83834484731963,186
14,14,2,mid_zero,Residual GNN proj same_storage,131.66678720090385,186
14,14,2,mid_zero,Residual GNN proj same_subgroup,62.2208692018077,186
14,14,2,mid_zero,Residual GNN homo5,62.15092359965716,186
14,14,2,mid_zero,Residual GNN hetero5,64.48312701524857,186
14,14,2,low_zero,XGB,587.8359338155525,682
14,14,2,low_zero,XGB+Graph proj,591.6592350594805,682
14,14,2,low_zero,XGB+Graph homo,568.4951249103588,682
14,14,2,low_zero,XGB+Graph hetero,571.1613847829727,682
14,14,2,low_zero,GNN proj same_group,1200.8391410698678,682
14,14,2,low_zero,GNN proj same_plant,1424.6567661798701,682
14,14,2,low_zero,GNN proj same_storage,2151.566997028844,682
14,14,2,low_zero,GNN proj same_subgroup,1229.4509813839954,682
14,14,2,low_zero,GNN homo5,938.7142948970652,682
14,14,2,low_zero,GNN hetero5,599.5383470686075,682
14,14,2,low_zero,XGB + GNN embed proj,590.477997543258,682
14,14,2,low_zero,XGB + GNN embed homo,606.5058458382621,682
14,14,2,low_zero,XGB + GNN embed hetero,631.6154908412851,682
14,14,2,low_zero,XGB + graphfeat proj,558.6628580937424,682
14,14,2,low_zero,XGB + graphfeat homo,557.8108871797016,682
14,14,2,low_zero,XGB + graphfeat hetero,561.5558212745402,682
14,14,2,low_zero,Residual GNN proj same_group,615.1888803801419,682
14,14,2,low_zero,Residual GNN proj same_plant,626.265202127012,682
14,14,2,low_zero,Residual GNN proj same_storage,608.7608439227372,682
14,14,2,low_zero,Residual GNN proj same_subgroup,632.0974495060698,682
14,14,2,low_zero,Residual GNN homo5,574.6059467515563,682
14,14,2,low_zero,Residual GNN hetero5,582.5698842427026,682
14,30,0,high_zero,XGB,29.255547008064514,372
14,30,0,high_zero,XGB+Graph proj,5.492627507526882,372
14,30,0,high_zero,XGB+Graph homo,6.09191580376344,372
14,30,0,high_zero,XGB+Graph hetero,5.4193205377956986,372
14,30,0,high_zero,GNN proj same_group,437.0472768897097,372
14,30,0,high_zero,GNN proj same_plant,591.2750985228495,372
14,30,0,high_zero,GNN proj same_storage,1055.4086855387097,372
14,30,0,high_zero,GNN proj same_subgroup,11.17132497747312,372
14,30,0,high_zero,GNN homo5,27.395376069274196,372
14,30,0,high_zero,GNN hetero5,9.681460179301075,372
14,30,0,high_zero,XGB + GNN embed proj,26.55120953466129,372
14,30,0,high_zero,XGB + GNN embed homo,5.023758989516129,372
14,30,0,high_zero,XGB + GNN embed hetero,33.11040796505376,372
14,30,0,high_zero,XGB + graphfeat proj,2.589914668978494,372
14,30,0,high_zero,XGB + graphfeat homo,3.586702853467742,372
14,30,0,high_zero,XGB + graphfeat hetero,2.977278970887097,372
14,30,0,high_zero,Residual GNN proj same_group,68.29797520381722,372
14,30,0,high_zero,Residual GNN proj same_plant,51.33848561478494,372
14,30,0,high_zero,Residual GNN proj same_storage,154.0982291244086,372
14,30,0,high_zero,Residual GNN proj same_subgroup,29.860145075268814,372
14,30,0,high_zero,Residual GNN homo5,21.3953426827957,372
14,30,0,high_zero,Residual GNN hetero5,47.116459827956994,372
14,30,0,mid_zero,XGB,70.21543390610877,186
14,30,0,mid_zero,XGB+Graph proj,55.869982508528125,186
14,30,0,mid_zero,XGB+Graph homo,55.371851448223474,186
14,30,0,mid_zero,XGB+Graph hetero,55.033687768092825,186
14,30,0,mid_zero,GNN proj same_group,442.5486130946392,186
14,30,0,mid_zero,GNN proj same_plant,452.07850713425273,186
14,30,0,mid_zero,GNN proj same_storage,1316.1726668972963,186
14,30,0,mid_zero,GNN proj same_subgroup,62.94097617181237,186
14,30,0,mid_zero,GNN homo5,115.68900068823781,186
14,30,0,mid_zero,GNN hetero5,64.99894618227364,186
14,30,0,mid_zero,XGB + GNN embed proj,69.04637386628082,186
14,30,0,mid_zero,XGB + GNN embed homo,54.48162338532025,186
14,30,0,mid_zero,XGB + GNN embed hetero,70.39327168747079,186
14,30,0,mid_zero,XGB + graphfeat proj,56.79830358890446,186
14,30,0,mid_zero,XGB + graphfeat homo,53.8217785050335,186
14,30,0,mid_zero,XGB + graphfeat hetero,54.90273515573242,186
14,30,0,mid_zero,Residual GNN proj same_group,107.24079516618163,186
14,30,0,mid_zero,Residual GNN proj same_plant,82.9744346242808,186
14,30,0,mid_zero,Residual GNN proj same_storage,221.46303265574255,186
14,30,0,mid_zero,Residual GNN proj same_subgroup,72.54609375557114,186
14,30,0,mid_zero,Residual GNN homo5,71.46522207277543,186
14,30,0,mid_zero,Residual GNN hetero5,117.02190245987222,186
14,30,0,low_zero,XGB,578.483890223634,682
14,30,0,low_zero,XGB+Graph proj,558.271779412871,682
14,30,0,low_zero,XGB+Graph homo,558.0192520831357,682
14,30,0,low_zero,XGB+Graph hetero,541.9433892863664,682
14,30,0,low_zero,GNN proj same_group,1225.5499256738267,682
14,30,0,low_zero,GNN proj same_plant,1460.3002726933798,682
14,30,0,low_zero,GNN proj same_storage,2009.4573903297603,682
14,30,0,low_zero,GNN proj same_subgroup,1259.79923144021,682
14,30,0,low_zero,GNN homo5,847.4940865806975,682
14,30,0,low_zero,GNN hetero5,640.3610269919518,682
14,30,0,low_zero,XGB + GNN embed proj,588.7421394491816,682
14,30,0,low_zero,XGB + GNN embed homo,685.6169062053904,682
14,30,0,low_zero,XGB + GNN embed hetero,568.8955471287333,682
14,30,0,low_zero,XGB + graphfeat proj,586.0508747299538,682
14,30,0,low_zero,XGB + graphfeat homo,590.2676602173341,682
14,30,0,low_zero,XGB + graphfeat hetero,578.5747270228838,682
14,30,0,low_zero,Residual GNN proj same_group,569.858431608678,682
14,30,0,low_zero,Residual GNN proj same_plant,575.9972165041324,682
14,30,0,low_zero,Residual GNN proj same_storage,652.2386871839957,682
14,30,0,low_zero,Residual GNN proj same_subgroup,633.319445294455,682
14,30,0,low_zero,Residual GNN homo5,559.2653659445351,682
14,30,0,low_zero,Residual GNN hetero5,600.2523191043109,682
14,30,1,high_zero,XGB,30.858157389784942,372
14,30,1,high_zero,XGB+Graph proj,8.915856825268817,372
14,30,1,high_zero,XGB+Graph homo,10.340188747580644,372
14,30,1,high_zero,XGB+Graph hetero,4.576601243870968,372
14,30,1,high_zero,GNN proj same_group,461.6385211136333,372
14,30,1,high_zero,GNN proj same_plant,630.7173931182796,372
14,30,1,high_zero,GNN proj same_storage,3533.7955165322583,372
14,30,1,high_zero,GNN proj same_subgroup,10.551331897553764,372
14,30,1,high_zero,GNN homo5,6.004368573763441,372
14,30,1,high_zero,GNN hetero5,37.69681973348924,372
14,30,1,high_zero,XGB + GNN embed proj,17.307624706320375,372
14,30,1,high_zero,XGB + GNN embed homo,7.4032877500000005,372
14,30,1,high_zero,XGB + GNN embed hetero,34.80360401075268,372
14,30,1,high_zero,XGB + graphfeat proj,3.112398329784946,372
14,30,1,high_zero,XGB + graphfeat homo,4.1181669101693545,372
14,30,1,high_zero,XGB + graphfeat hetero,3.1448541092903226,372
14,30,1,high_zero,Residual GNN proj same_group,55.1878407594086,372
14,30,1,high_zero,Residual GNN proj same_plant,126.81384781532257,372
14,30,1,high_zero,Residual GNN proj same_storage,93.14141897553765,372
14,30,1,high_zero,Residual GNN proj same_subgroup,22.320776624516128,372
14,30,1,high_zero,Residual GNN homo5,3.8325582345430105,372
14,30,1,high_zero,Residual GNN hetero5,47.95651130376345,372
14,30,1,mid_zero,XGB,72.8399450082593,186
14,30,1,mid_zero,XGB+Graph proj,55.92317966220196,186
14,30,1,mid_zero,XGB+Graph homo,56.540245629406265,186
14,30,1,mid_zero,XGB+Graph hetero,55.229446168922394,186
14,30,1,mid_zero,GNN proj same_group,467.45541519481856,186
14,30,1,mid_zero,GNN proj same_plant,455.05070813711234,186
14,30,1,mid_zero,GNN proj same_storage,4368.6144252555705,186
14,30,1,mid_zero,GNN proj same_subgroup,61.01615886186613,186
14,30,1,mid_zero,GNN homo5,90.04080512182563,186
14,30,1,mid_zero,GNN hetero5,126.126281869012,186
14,30,1,mid_zero,XGB + GNN embed proj,59.63703278402993,186
14,30,1,mid_zero,XGB + GNN embed homo,56.32753141919121,186
14,30,1,mid_zero,XGB + GNN embed hetero,65.39107378962132,186
14,30,1,mid_zero,XGB + graphfeat proj,56.17442070861774,186
14,30,1,mid_zero,XGB + graphfeat homo,53.744334825105184,186
14,30,1,mid_zero,XGB + graphfeat hetero,53.714180336162535,186
14,30,1,mid_zero,Residual GNN proj same_group,98.51929770539193,186
14,30,1,mid_zero,Residual GNN proj same_plant,141.20025887170016,186
14,30,1,mid_zero,Residual GNN proj same_storage,149.56961194968287,186
14,30,1,mid_zero,Residual GNN proj same_subgroup,75.91903758890446,186
14,30,1,mid_zero,Residual GNN homo5,76.77960540073244,186
14,30,1,mid_zero,Residual GNN hetero5,163.18640042761416,186
14,30,1,low_zero,XGB,580.2618537696177,682
14,30,1,low_zero,XGB+Graph proj,538.6574449432218,682
14,30,1,low_zero,XGB+Graph homo,562.1913285343089,682
14,30,1,low_zero,XGB+Graph hetero,567.2884114659848,682
14,30,1,low_zero,GNN proj same_group,1176.6536938081574,682
14,30,1,low_zero,GNN proj same_plant,1284.4381362581375,682
14,30,1,low_zero,GNN proj same_storage,4556.364270057085,682
14,30,1,low_zero,GNN proj same_subgroup,1211.975129186693,682
14,30,1,low_zero,GNN homo5,850.7544034369367,682
14,30,1,low_zero,GNN hetero5,684.8974655340162,682
14,30,1,low_zero,XGB + GNN embed proj,551.4315233453614,682
14,30,1,low_zero,XGB + GNN embed homo,673.5877415264598,682
14,30,1,low_zero,XGB + GNN embed hetero,621.0375256440847,682
14,30,1,low_zero,XGB + graphfeat proj,557.9377806829792,682
14,30,1,low_zero,XGB + graphfeat homo,561.4048644287808,682
14,30,1,low_zero,XGB + graphfeat hetero,560.3023936887513,682
14,30,1,low_zero,Residual GNN proj same_group,578.067911203342,682
14,30,1,low_zero,Residual GNN proj same_plant,655.7696501551482,682
14,30,1,low_zero,Residual GNN proj same_storage,625.8226384253828,682
14,30,1,low_zero,Residual GNN proj same_subgroup,637.9872885690778,682
14,30,1,low_zero,Residual GNN homo5,615.8510145810347,682
14,30,1,low_zero,Residual GNN hetero5,702.5634429928315,682
14,30,2,high_zero,XGB,16.167297470430107,372
14,30,2,high_zero,XGB+Graph proj,4.84399807016129,372
14,30,2,high_zero,XGB+Graph homo,6.5332327731182795,372
14,30,2,high_zero,XGB+Graph hetero,12.982591018817207,372
14,30,2,high_zero,GNN proj same_group,389.90491287718817,372
14,30,2,high_zero,GNN proj same_plant,629.697621266129,372
14,30,2,high_zero,GNN proj same_storage,1437.0530721935486,372
14,30,2,high_zero,GNN proj same_subgroup,10.069436049139785,372
14,30,2,high_zero,GNN homo5,7.342826422849463,372
14,30,2,high_zero,GNN hetero5,18.304139022553763,372
14,30,2,high_zero,XGB + GNN embed proj,28.708345436908598,372
14,30,2,high_zero,XGB + GNN embed homo,5.1945050481182795,372
14,30,2,high_zero,XGB + GNN embed hetero,48.84770235483871,372
14,30,2,high_zero,XGB + graphfeat proj,4.182777966774194,372
14,30,2,high_zero,XGB + graphfeat homo,5.973827229569893,372
14,30,2,high_zero,XGB + graphfeat hetero,3.607113642365591,372
14,30,2,high_zero,Residual GNN proj same_group,61.87834234514516,372
14,30,2,high_zero,Residual GNN proj same_plant,89.22460609623656,372
14,30,2,high_zero,Residual GNN proj same_storage,95.80811917204302,372
14,30,2,high_zero,Residual GNN proj same_subgroup,9.976568361505375,372
14,30,2,high_zero,Residual GNN homo5,4.987503264247312,372
14,30,2,high_zero,Residual GNN hetero5,36.6187213110215,372
14,30,2,mid_zero,XGB,61.5736758066464,186
14,30,2,mid_zero,XGB+Graph proj,57.41683527725573,186
14,30,2,mid_zero,XGB+Graph homo,55.145305224728844,186
14,30,2,mid_zero,XGB+Graph hetero,57.805815013635645,186
14,30,2,mid_zero,GNN proj same_group,391.99062556524854,186
14,30,2,mid_zero,GNN proj same_plant,465.89635344498987,186
14,30,2,mid_zero,GNN proj same_storage,1790.7067367025088,186
14,30,2,mid_zero,GNN proj same_subgroup,61.02018974450055,186
14,30,2,mid_zero,GNN homo5,234.14577911094756,186
14,30,2,mid_zero,GNN hetero5,96.784810696782,186
14,30,2,mid_zero,XGB + GNN embed proj,87.62214966241702,186
14,30,2,mid_zero,XGB + GNN embed homo,56.32544469634175,186
14,30,2,mid_zero,XGB + GNN embed hetero,75.57103703693315,186
14,30,2,mid_zero,XGB + graphfeat proj,55.54798763938834,186
14,30,2,mid_zero,XGB + graphfeat homo,55.43814037402992,186
14,30,2,mid_zero,XGB + graphfeat hetero,55.917826511538884,186
14,30,2,mid_zero,Residual GNN proj same_group,100.16681856202274,186
14,30,2,mid_zero,Residual GNN proj same_plant,109.10399262904782,186
14,30,2,mid_zero,Residual GNN proj same_storage,151.4459591111111,186
14,30,2,mid_zero,Residual GNN proj same_subgroup,64.18847294643135,186
14,30,2,mid_zero,Residual GNN homo5,66.5021131157862,186
14,30,2,mid_zero,Residual GNN hetero5,120.53694438997975,186
14,30,2,low_zero,XGB,587.9353595145324,682
14,30,2,low_zero,XGB+Graph proj,552.7812426745664,682
14,30,2,low_zero,XGB+Graph homo,537.4765743232806,682
14,30,2,low_zero,XGB+Graph hetero,534.7509714240908,682
14,30,2,low_zero,GNN proj same_group,1212.5813971166615,682
14,30,2,low_zero,GNN proj same_plant,1317.0045449426148,682
14,30,2,low_zero,GNN proj same_storage,2417.0953601545257,682
14,30,2,low_zero,GNN proj same_subgroup,1250.0354433323384,682
14,30,2,low_zero,GNN homo5,966.7085052964561,682
14,30,2,low_zero,GNN hetero5,719.7803523873185,682
14,30,2,low_zero,XGB + GNN embed proj,598.1335653611397,682
14,30,2,low_zero,XGB + GNN embed homo,631.556766273267,682
14,30,2,low_zero,XGB + GNN embed hetero,645.5094157159322,682
14,30,2,low_zero,XGB + graphfeat proj,564.0753149147631,682
14,30,2,low_zero,XGB + graphfeat homo,561.192902385763,682
14,30,2,low_zero,XGB + graphfeat hetero,568.0391209736417,682
14,30,2,low_zero,Residual GNN proj same_group,597.2576549519225,682
14,30,2,low_zero,Residual GNN proj same_plant,598.3369436963507,682
14,30,2,low_zero,Residual GNN proj same_storage,635.0455330861902,682
14,30,2,low_zero,Residual GNN proj same_subgroup,619.6148486064786,682
14,30,2,low_zero,Residual GNN homo5,606.1765436418957,682
14,30,2,low_zero,Residual GNN hetero5,647.7202249114639,682
30,7,0,high_zero,XGB,38.94511162222223,180
30,7,0,high_zero,XGB+Graph proj,25.979303599999998,180
30,7,0,high_zero,XGB+Graph homo,17.596017405555553,180
30,7,0,high_zero,XGB+Graph hetero,31.241006227777785,180
30,7,0,high_zero,GNN proj same_group,605.0974142250255,180
30,7,0,high_zero,GNN proj same_plant,909.1783080444445,180
30,7,0,high_zero,GNN proj same_storage,1361.2085080611112,180
30,7,0,high_zero,GNN proj same_subgroup,8.76548005738889,180
30,7,0,high_zero,GNN homo5,7.886255953877777,180
30,7,0,high_zero,GNN hetero5,19.21752371388889,180
30,7,0,high_zero,XGB + GNN embed proj,25.55172481322222,180
30,7,0,high_zero,XGB + GNN embed homo,54.14357758888889,180
30,7,0,high_zero,XGB + GNN embed hetero,123.40348477777778,180
30,7,0,high_zero,XGB + graphfeat proj,9.062204981666667,180
30,7,0,high_zero,XGB + graphfeat homo,4.762196264033333,180
30,7,0,high_zero,XGB + graphfeat hetero,7.706788098600001,180
30,7,0,high_zero,Residual GNN proj same_group,134.09898919783333,180
30,7,0,high_zero,Residual GNN proj same_plant,186.4743546427778,180
30,7,0,high_zero,Residual GNN proj same_storage,128.07684403494443,180
30,7,0,high_zero,Residual GNN proj same_subgroup,33.96756858888889,180
30,7,0,high_zero,Residual GNN homo5,9.720168454444444,180
30,7,0,high_zero,Residual GNN hetero5,12.014370604166666,180
30,7,0,mid_zero,XGB,102.56571721666666,60
30,7,0,mid_zero,XGB+Graph proj,90.0650674,60
30,7,0,mid_zero,XGB+Graph homo,80.01554286666666,60
30,7,0,mid_zero,XGB+Graph hetero,83.14069285000001,60
30,7,0,mid_zero,GNN proj same_group,97.54435056999999,60
30,7,0,mid_zero,GNN proj same_plant,566.3323615,60
30,7,0,mid_zero,GNN proj same_storage,1595.4701010333333,60
30,7,0,mid_zero,GNN proj same_subgroup,72.93769002066665,60
30,7,0,mid_zero,GNN homo5,77.61065063903082,60
30,7,0,mid_zero,GNN hetero5,113.60016496166666,60
30,7,0,mid_zero,XGB + GNN embed proj,86.16821886970001,60
30,7,0,mid_zero,XGB + GNN embed homo,95.24763039999999,60
30,7,0,mid_zero,XGB + GNN embed hetero,137.42089916666666,60
30,7,0,mid_zero,XGB + graphfeat proj,81.130827105,60
30,7,0,mid_zero,XGB + graphfeat homo,75.34114062833333,60
30,7,0,mid_zero,XGB + graphfeat hetero,77.63220831833334,60
30,7,0,mid_zero,Residual GNN proj same_group,111.86903325333333,60
30,7,0,mid_zero,Residual GNN proj same_plant,175.92323533333334,60
30,7,0,mid_zero,Residual GNN proj same_storage,225.47929713333332,60
30,7,0,mid_zero,Residual GNN proj same_subgroup,101.76234928333334,60
30,7,0,mid_zero,Residual GNN homo5,83.270862325,60
30,7,0,mid_zero,Residual GNN hetero5,84.55585796333334,60
30,7,0,low_zero,XGB,563.620772462131,360
30,7,0,low_zero,XGB+Graph proj,1029.2169399269458,360
30,7,0,low_zero,XGB+Graph homo,1021.1736981825014,360
30,7,0,low_zero,XGB+Graph hetero,1021.5298659658347,360
30,7,0,low_zero,GNN proj same_group,1378.8403113293532,360
30,7,0,low_zero,GNN proj same_plant,1684.0320704649087,360
30,7,0,low_zero,GNN proj same_storage,2137.877960772813,360
30,7,0,low_zero,GNN proj same_subgroup,1292.50527955241,360
30,7,0,low_zero,GNN homo5,1271.0038619170439,360
30,7,0,low_zero,GNN hetero5,1022.7757773557421,360
30,7,0,low_zero,XGB + GNN embed proj,1021.3152506645384,360
30,7,0,low_zero,XGB + GNN embed homo,1012.1612571399087,360
30,7,0,low_zero,XGB + GNN embed hetero,1028.8764948676865,360
30,7,0,low_zero,XGB + graphfeat proj,1052.7934861935198,360
30,7,0,low_zero,XGB + graphfeat homo,1050.8475375787975,360
30,7,0,low_zero,XGB + graphfeat hetero,1063.7592856176866,360
30,7,0,low_zero,Residual GNN proj same_group,832.5130597474788,360
30,7,0,low_zero,Residual GNN proj same_plant,846.9785890360159,360
30,7,0,low_zero,Residual GNN proj same_storage,793.5795971993491,360
30,7,0,low_zero,Residual GNN proj same_subgroup,916.224821024631,360
30,7,0,low_zero,Residual GNN homo5,1119.2278637859458,360
30,7,0,low_zero,Residual GNN hetero5,1048.103302670742,360
30,7,1,high_zero,XGB,61.43837421111111,180
30,7,1,high_zero,XGB+Graph proj,22.18215835,180
30,7,1,high_zero,XGB+Graph homo,24.93244867222223,180
30,7,1,high_zero,XGB+Graph hetero,22.30828351111111,180
30,7,1,high_zero,GNN proj same_group,404.4074446285555,180
30,7,1,high_zero,GNN proj same_plant,427.95935557777784,180
30,7,1,high_zero,GNN proj same_storage,730.7408197499999,180
30,7,1,high_zero,GNN proj same_subgroup,8.071580408888886,180
30,7,1,high_zero,GNN homo5,0.9526458725555556,180
30,7,1,high_zero,GNN hetero5,11.424583438333332,180
30,7,1,high_zero,XGB + GNN embed proj,33.57643521666666,180
30,7,1,high_zero,XGB + GNN embed homo,30.317510972222227,180
30,7,1,high_zero,XGB + GNN embed hetero,13.091119190000002,180
30,7,1,high_zero,XGB + graphfeat proj,6.454105838277778,180
30,7,1,high_zero,XGB + graphfeat homo,4.759941178277778,180
30,7,1,high_zero,XGB + graphfeat hetero,4.884048775999999,180
30,7,1,high_zero,Residual GNN proj same_group,138.52974004555554,180
30,7,1,high_zero,Residual GNN proj same_plant,113.90189261222221,180
30,7,1,high_zero,Residual GNN proj same_storage,44.22155007777778,180
30,7,1,high_zero,Residual GNN proj same_subgroup,45.78007051666667,180
30,7,1,high_zero,Residual GNN homo5,0.3187511446111111,180
30,7,1,high_zero,Residual GNN hetero5,56.31656137777777,180
30,7,1,mid_zero,XGB,115.27923060000002,60
30,7,1,mid_zero,XGB+Graph proj,85.52514641666666,60
30,7,1,mid_zero,XGB+Graph homo,82.51853901666667,60
30,7,1,mid_zero,XGB+Graph hetero,81.35870998333333,60
30,7,1,mid_zero,GNN proj same_group,88.62007907166668,60
30,7,1,mid_zero,GNN proj same_plant,244.82856600666665,60
30,7,1,mid_zero,GNN proj same_storage,858.7384361666666,60
30,7,1,mid_zero,GNN proj same_subgroup,72.97387669449999,60
30,7,1,mid_zero,GNN homo5,83.43453548833331,60
30,7,1,mid_zero,GNN hetero5,96.9525114,60
30,7,1,mid_zero,XGB + GNN embed proj,87.61745710000001,60
30,7,1,mid_zero,XGB + GNN embed homo,89.08709496666667,60
30,7,1,mid_zero,XGB + GNN embed hetero,79.74503916666667,60
30,7,1,mid_zero,XGB + graphfeat proj,78.44396709166668,60
30,7,1,mid_zero,XGB + graphfeat homo,73.247000825,60
30,7,1,mid_zero,XGB + graphfeat hetero,72.6875840319,60
30,7,1,mid_zero,Residual GNN proj same_group,119.2131245,60
30,7,1,mid_zero,Residual GNN proj same_plant,166.39977722166665,60
30,7,1,mid_zero,Residual GNN proj same_storage,137.92658704999997,60
30,7,1,mid_zero,Residual GNN proj same_subgroup,113.75548284999999,60
30,7,1,mid_zero,Residual GNN homo5,78.71231996666666,60
30,7,1,mid_zero,Residual GNN hetero5,119.55664785,60
30,7,1,low_zero,XGB,525.5445396787977,360
30,7,1,low_zero,XGB+Graph proj,1026.1026324297236,360
30,7,1,low_zero,XGB+Graph homo,1020.5484156102791,360
30,7,1,low_zero,XGB+Graph hetero,1026.1336080102792,360
30,7,1,low_zero,GNN proj same_group,1271.1543839193532,360
30,7,1,low_zero,GNN proj same_plant,1237.0516947657193,360
30,7,1,low_zero,GNN proj same_storage,1516.205742625067,360
30,7,1,low_zero,GNN proj same_subgroup,1277.4225296345767,360
30,7,1,low_zero,GNN homo5,1057.857342845844,360
30,7,1,low_zero,GNN hetero5,1097.6157420703678,360
30,7,1,low_zero,XGB + GNN embed proj,990.0271686454643,360
30,7,1,low_zero,XGB + GNN embed homo,1018.5758620436126,360
30,7,1,low_zero,XGB + GNN embed hetero,1086.128870726668,360
30,7,1,low_zero,XGB + graphfeat proj,1044.9132578437977,360
30,7,1,low_zero,XGB + graphfeat homo,1067.2817856815755,360
30,7,1,low_zero,XGB + graphfeat hetero,1045.7005082101864,360
30,7,1,low_zero,Residual GNN proj same_group,709.3759505331454,360
30,7,1,low_zero,Residual GNN proj same_plant,785.3755489821269,360
30,7,1,low_zero,Residual GNN proj same_storage,708.8899781060494,360
30,7,1,low_zero,Residual GNN proj same_subgroup,782.9893281482421,360
30,7,1,low_zero,Residual GNN homo5,1205.4824792454733,360
30,7,1,low_zero,Residual GNN hetero5,1046.8167714594642,360
30,7,2,high_zero,XGB,26.375432333333336,180
30,7,2,high_zero,XGB+Graph proj,11.039164511666666,180
30,7,2,high_zero,XGB+Graph homo,17.405055394444446,180
30,7,2,high_zero,XGB+Graph hetero,19.674515327777783,180
30,7,2,high_zero,GNN proj same_group,596.7967623571888,180
30,7,2,high_zero,GNN proj same_plant,458.6346116833334,180
30,7,2,high_zero,GNN proj same_storage,226.2469177222222,180
30,7,2,high_zero,GNN proj same_subgroup,7.152916174933332,180
30,7,2,high_zero,GNN homo5,13.150438973333333,180
30,7,2,high_zero,GNN hetero5,14.44173551388889,180
30,7,2,high_zero,XGB + GNN embed proj,17.475810463444443,180
30,7,2,high_zero,XGB + GNN embed homo,20.729559477777777,180
30,7,2,high_zero,XGB + GNN embed hetero,4.493516067777778,180
30,7,2,high_zero,XGB + graphfeat proj,6.478338931555554,180
30,7,2,high_zero,XGB + graphfeat homo,5.545946612444444,180
30,7,2,high_zero,XGB + graphfeat hetero,6.8403784512222225,180
30,7,2,high_zero,Residual GNN proj same_group,125.27257858144444,180
30,7,2,high_zero,Residual GNN proj same_plant,196.97989641444445,180
30,7,2,high_zero,Residual GNN proj same_storage,255.85668478888886,180
30,7,2,high_zero,Residual GNN proj same_subgroup,17.387425552777778,180
30,7,2,high_zero,Residual GNN homo5,0.97785424515,180
30,7,2,high_zero,Residual GNN hetero5,48.34010594444444,180
30,7,2,mid_zero,XGB,99.32723653333332,60
30,7,2,mid_zero,XGB+Graph proj,78.81089187166667,60
30,7,2,mid_zero,XGB+Graph homo,77.78210725000001,60
30,7,2,mid_zero,XGB+Graph hetero,79.49574006666667,60
30,7,2,mid_zero,GNN proj same_group,107.85728379999999,60
30,7,2,mid_zero,GNN proj same_plant,275.05977435,60
30,7,2,mid_zero,GNN proj same_storage,309.10493983333333,60
30,7,2,mid_zero,GNN proj same_subgroup,72.88861956183334,60
30,7,2,mid_zero,GNN homo5,84.49866466883331,60
30,7,2,mid_zero,GNN hetero5,83.55011927933333,60
30,7,2,mid_zero,XGB + GNN embed proj,88.04614870500001,60
30,7,2,mid_zero,XGB + GNN embed homo,81.70257086666668,60
30,7,2,mid_zero,XGB + GNN embed hetero,83.12911161733334,60
30,7,2,mid_zero,XGB + graphfeat proj,75.25891114321666,60
30,7,2,mid_zero,XGB + graphfeat homo,75.02579621033333,60
30,7,2,mid_zero,XGB + graphfeat hetero,74.17263614,60
30,7,2,mid_zero,Residual GNN proj same_group,107.36772753333334,60
30,7,2,mid_zero,Residual GNN proj same_plant,209.48174082833333,60
30,7,2,mid_zero,Residual GNN proj same_storage,373.58609433333334,60
30,7,2,mid_zero,Residual GNN proj same_subgroup,98.51887306666667,60
30,7,2,mid_zero,Residual GNN homo5,77.83533261166669,60
30,7,2,mid_zero,Residual GNN hetero5,129.85230198333335,60
30,7,2,low_zero,XGB,563.133607987131,360
30,7,2,low_zero,XGB+Graph proj,1037.8583749065754,360
30,7,2,low_zero,XGB+Graph homo,1044.280412437131,360
30,7,2,low_zero,XGB+Graph hetero,1034.1993530093532,360
30,7,2,low_zero,GNN proj same_group,1365.8519006037977,360
30,7,2,low_zero,GNN proj same_plant,1299.0206954582795,360
30,7,2,low_zero,GNN proj same_storage,1378.6148402824745,360
30,7,2,low_zero,GNN proj same_subgroup,1306.2959202755765,360
30,7,2,low_zero,GNN homo5,1057.0867977497883,360
30,7,2,low_zero,GNN hetero5,1099.0683927296607,360
30,7,2,low_zero,XGB + GNN embed proj,1028.1192033624088,360
30,7,2,low_zero,XGB + GNN embed homo,1023.8428744191679,360
30,7,2,low_zero,XGB + GNN embed hetero,1112.4329192522234,360
30,7,2,low_zero,XGB + graphfeat proj,1057.2305306418532,360
30,7,2,low_zero,XGB + graphfeat homo,1087.5888173449089,360
30,7,2,low_zero,XGB + graphfeat hetero,1090.9521799062977,360
30,7,2,low_zero,Residual GNN proj same_group,804.7010957700899,360
30,7,2,low_zero,Residual GNN proj same_plant,948.3155730852751,360
30,7,2,low_zero,Residual GNN proj same_storage,1031.7590239769459,360
30,7,2,low_zero,Residual GNN proj same_subgroup,925.5805843899088,360
30,7,2,low_zero,Residual GNN homo5,1123.072290101196,360
30,7,2,low_zero,Residual GNN hetero5,1095.1985288485198,360
30,14,0,high_zero,XGB,20.050061133333333,180
30,14,0,high_zero,XGB+Graph proj,7.908927982777778,180
30,14,0,high_zero,XGB+Graph homo,11.62547608611111,180
30,14,0,high_zero,XGB+Graph hetero,6.2357035366666675,180
30,14,0,high_zero,GNN proj same_group,553.883430007111,180
30,14,0,high_zero,GNN proj same_plant,649.5875807222222,180
30,14,0,high_zero,GNN proj same_storage,1129.0098438333334,180
30,14,0,high_zero,GNN proj same_subgroup,8.613768724666668,180
30,14,0,high_zero,GNN homo5,7.535772601111112,180
30,14,0,high_zero,GNN hetero5,5.6192366415,180
30,14,0,high_zero,XGB + GNN embed proj,17.010757435166663,180
30,14,0,high_zero,XGB + GNN embed homo,8.054756332777778,180
30,14,0,high_zero,XGB + GNN embed hetero,15.220893661111113,180
30,14,0,high_zero,XGB + graphfeat proj,4.532134209680555,180
30,14,0,high_zero,XGB + graphfeat homo,2.5514655013666667,180
30,14,0,high_zero,XGB + graphfeat hetero,2.5795383049444442,180
30,14,0,high_zero,Residual GNN proj same_group,258.45406000088883,180
30,14,0,high_zero,Residual GNN proj same_plant,140.72659058722223,180
30,14,0,high_zero,Residual GNN proj same_storage,134.51300817222221,180
30,14,0,high_zero,Residual GNN proj same_subgroup,11.947678431111111,180
30,14,0,high_zero,Residual GNN homo5,0.7572014200222222,180
30,14,0,high_zero,Residual GNN hetero5,30.200878487777775,180
30,14,0,mid_zero,XGB,95.56015473333333,60
30,14,0,mid_zero,XGB+Graph proj,88.47577841,60
30,14,0,mid_zero,XGB+Graph homo,81.2556757,60
30,14,0,mid_zero,XGB+Graph hetero,82.18382545166668,60
30,14,0,mid_zero,GNN proj same_group,93.65333243333332,60
30,14,0,mid_zero,GNN proj same_plant,380.7031269833333,60
30,14,0,mid_zero,GNN proj same_storage,1355.5342840000003,60
30,14,0,mid_zero,GNN proj same_subgroup,72.89345635306667,60
30,14,0,mid_zero,GNN homo5,78.54540656666667,60
30,14,0,mid_zero,GNN hetero5,101.05773311833333,60
30,14,0,mid_zero,XGB + GNN embed proj,72.23245751500001,60
30,14,0,mid_zero,XGB + GNN embed homo,84.76258291666666,60
30,14,0,mid_zero,XGB + GNN embed hetero,84.18010211666666,60
30,14,0,mid_zero,XGB + graphfeat proj,81.02529170779165,60
30,14,0,mid_zero,XGB + graphfeat homo,76.20440923833333,60
30,14,0,mid_zero,XGB + graphfeat hetero,75.18745069133334,60
30,14,0,mid_zero,Residual GNN proj same_group,124.77711257666667,60
30,14,0,mid_zero,Residual GNN proj same_plant,170.17704009433334,60
30,14,0,mid_zero,Residual GNN proj same_storage,229.1246926,60
30,14,0,mid_zero,Residual GNN proj same_subgroup,94.59936275,60
30,14,0,mid_zero,Residual GNN homo5,95.03602769511666,60
30,14,0,mid_zero,Residual GNN hetero5,106.94424011000001,60
30,14,0,low_zero,XGB,499.94737241077553,360
30,14,0,low_zero,XGB+Graph proj,1043.2159177176864,360
30,14,0,low_zero,XGB+Graph homo,1055.5940083037979,360
30,14,0,low_zero,XGB+Graph hetero,1052.9630834983348,360
30,14,0,low_zero,GNN proj same_group,1340.164715010279,360
30,14,0,low_zero,GNN proj same_plant,1457.0120875366079,360
30,14,0,low_zero,GNN proj same_storage,2071.610749569109,360
30,14,0,low_zero,GNN proj same_subgroup,1344.7111789755322,360
30,14,0,low_zero,GNN homo5,1281.882577727566,360
30,14,0,low_zero,GNN hetero5,1112.0871791189786,360
30,14,0,low_zero,XGB + GNN embed proj,1087.5314894172234,360
30,14,0,low_zero,XGB + GNN embed homo,1141.293588923316,360
30,14,0,low_zero,XGB + GNN embed hetero,1096.7641637063903,360
30,14,0,low_zero,XGB + graphfeat proj,1095.4299050486125,360
30,14,0,low_zero,XGB + graphfeat homo,1102.905985402131,360
30,14,0,low_zero,XGB + graphfeat hetero,1095.5968773846312,360
30,14,0,low_zero,Residual GNN proj same_group,858.4052329657382,360
30,14,0,low_zero,Residual GNN proj same_plant,788.0287668849973,360
30,14,0,low_zero,Residual GNN proj same_storage,827.4808776003085,360
30,14,0,low_zero,Residual GNN proj same_subgroup,836.3517045156493,360
30,14,0,low_zero,Residual GNN homo5,1255.2869016407308,360
30,14,0,low_zero,Residual GNN hetero5,1252.4483235287976,360
30,14,1,high_zero,XGB,47.51331244444445,180
30,14,1,high_zero,XGB+Graph proj,7.9858222338888885,180
30,14,1,high_zero,XGB+Graph homo,22.41002012222222,180
30,14,1,high_zero,XGB+Graph hetero,20.82048867777777,180
30,14,1,high_zero,GNN proj same_group,541.6312145511,180
30,14,1,high_zero,GNN proj same_plant,1005.4399722444444,180
30,14,1,high_zero,GNN proj same_storage,1087.2325759333332,180
30,14,1,high_zero,GNN proj same_subgroup,10.417959574777777,180
30,14,1,high_zero,GNN homo5,3.1585380824444447,180
30,14,1,high_zero,GNN hetero5,7.260636470555555,180
30,14,1,high_zero,XGB + GNN embed proj,5.243761096305556,180
30,14,1,high_zero,XGB + GNN embed homo,37.59477657777777,180
30,14,1,high_zero,XGB + GNN embed hetero,7.929672605555554,180
30,14,1,high_zero,XGB + graphfeat proj,2.415177898111111,180
30,14,1,high_zero,XGB + graphfeat homo,3.2560193472111107,180
30,14,1,high_zero,XGB + graphfeat hetero,2.3871374595000003,180
30,14,1,high_zero,Residual GNN proj same_group,237.16467614444443,180
30,14,1,high_zero,Residual GNN proj same_plant,273.52583901833333,180
30,14,1,high_zero,Residual GNN proj same_storage,353.7652802555556,180
30,14,1,high_zero,Residual GNN proj same_subgroup,28.949740304444443,180
30,14,1,high_zero,Residual GNN homo5,4.690326991111111,180
30,14,1,high_zero,Residual GNN hetero5,26.410148943166668,180
30,14,1,mid_zero,XGB,111.53821628333336,60
30,14,1,mid_zero,XGB+Graph proj,84.26569887899998,60
30,14,1,mid_zero,XGB+Graph homo,82.15565078333334,60
30,14,1,mid_zero,XGB+Graph hetero,81.78998804999999,60
30,14,1,mid_zero,GNN proj same_group,90.55755504166667,60
30,14,1,mid_zero,GNN proj same_plant,613.3437976666668,60
30,14,1,mid_zero,GNN proj same_storage,1283.6848781666667,60
30,14,1,mid_zero,GNN proj same_subgroup,72.84900860199998,60
30,14,1,mid_zero,GNN homo5,101.14881443883333,60
30,14,1,mid_zero,GNN hetero5,103.34317732833334,60
30,14,1,mid_zero,XGB + GNN embed proj,83.57777550166666,60
30,14,1,mid_zero,XGB + GNN embed homo,100.42124516666667,60
30,14,1,mid_zero,XGB + GNN embed hetero,84.59129619166666,60
30,14,1,mid_zero,XGB + graphfeat proj,80.13874930499999,60
30,14,1,mid_zero,XGB + graphfeat homo,74.11959797966666,60
30,14,1,mid_zero,XGB + graphfeat hetero,73.5530713965,60
30,14,1,mid_zero,Residual GNN proj same_group,134.24749289333334,60
30,14,1,mid_zero,Residual GNN proj same_plant,252.868192,60
30,14,1,mid_zero,Residual GNN proj same_storage,497.1154609166666,60
30,14,1,mid_zero,Residual GNN proj same_subgroup,111.09730183333333,60
30,14,1,mid_zero,Residual GNN homo5,94.31046481166666,60
30,14,1,mid_zero,Residual GNN hetero5,120.96406543333335,60
30,14,1,low_zero,XGB,484.71758865646814,360
30,14,1,low_zero,XGB+Graph proj,1056.8514658797235,360
30,14,1,low_zero,XGB+Graph homo,1051.2482555686124,360
30,14,1,low_zero,XGB+Graph hetero,1056.8022044204642,360
30,14,1,low_zero,GNN proj same_group,1415.1491937026867,360
30,14,1,low_zero,GNN proj same_plant,1756.186972162775,360
30,14,1,low_zero,GNN proj same_storage,2101.2776811794147,360
30,14,1,low_zero,GNN proj same_subgroup,1391.9586705496877,360
30,14,1,low_zero,GNN homo5,1198.6938878186218,360
30,14,1,low_zero,GNN hetero5,1155.72420979666,360
30,14,1,low_zero,XGB + GNN embed proj,1161.0397116120012,360
30,14,1,low_zero,XGB + GNN embed homo,1102.4288905787976,360
30,14,1,low_zero,XGB + GNN embed hetero,1217.0805624083255,360
30,14,1,low_zero,XGB + graphfeat proj,1094.185899037779,360
30,14,1,low_zero,XGB + graphfeat homo,1133.3896596499087,360
30,14,1,low_zero,XGB + graphfeat hetero,1114.3965028743532,360
30,14,1,low_zero,Residual GNN proj same_group,774.3830806754119,360
30,14,1,low_zero,Residual GNN proj same_plant,933.9071361552268,360
30,14,1,low_zero,Residual GNN proj same_storage,1058.4618343705047,360
30,14,1,low_zero,Residual GNN proj same_subgroup,832.5006376318977,360
30,14,1,low_zero,Residual GNN homo5,1080.1758367397233,360
30,14,1,low_zero,Residual GNN hetero5,1076.6411692025417,360
30,14,2,high_zero,XGB,11.231024491666666,180
30,14,2,high_zero,XGB+Graph proj,8.221329784444444,180
30,14,2,high_zero,XGB+Graph homo,15.600964316666667,180
30,14,2,high_zero,XGB+Graph hetero,6.891399542777776,180
30,14,2,high_zero,GNN proj same_group,457.4191098137666,180
30,14,2,high_zero,GNN proj same_plant,639.1070372333334,180
30,14,2,high_zero,GNN proj same_storage,1744.5132367555557,180
30,14,2,high_zero,GNN proj same_subgroup,11.00014628361111,180
30,14,2,high_zero,GNN homo5,8.61926141911111,180
30,14,2,high_zero,GNN hetero5,28.29574054388889,180
30,14,2,high_zero,XGB + GNN embed proj,232.05115096055556,180
30,14,2,high_zero,XGB + GNN embed homo,3.6153859911111113,180
30,14,2,high_zero,XGB + GNN embed hetero,22.626458338888884,180
30,14,2,high_zero,XGB + graphfeat proj,2.067572842477778,180
30,14,2,high_zero,XGB + graphfeat homo,3.121704177833333,180
30,14,2,high_zero,XGB + graphfeat hetero,2.3420704239333334,180
30,14,2,high_zero,Residual GNN proj same_group,262.85270460777775,180
30,14,2,high_zero,Residual GNN proj same_plant,362.9660551555556,180
30,14,2,high_zero,Residual GNN proj same_storage,350.78541416666667,180
30,14,2,high_zero,Residual GNN proj same_subgroup,10.77447098711111,180
30,14,2,high_zero,Residual GNN homo5,2.93258251,180
30,14,2,high_zero,Residual GNN hetero5,12.72302187077778,180
30,14,2,mid_zero,XGB,105.98974796666667,60
30,14,2,mid_zero,XGB+Graph proj,86.79585470833334,60
30,14,2,mid_zero,XGB+Graph homo,85.40653973333335,60
30,14,2,mid_zero,XGB+Graph hetero,82.32606633833333,60
30,14,2,mid_zero,GNN proj same_group,86.24014477833333,60
30,14,2,mid_zero,GNN proj same_plant,417.36495263333325,60
30,14,2,mid_zero,GNN proj same_storage,2055.0739981,60
30,14,2,mid_zero,GNN proj same_subgroup,72.821862025,60
30,14,2,mid_zero,GNN homo5,87.39374951616668,60
30,14,2,mid_zero,GNN hetero5,110.613417,60
30,14,2,mid_zero,XGB + GNN embed proj,330.03777894833337,60
30,14,2,mid_zero,XGB + GNN embed homo,82.80252958249999,60
30,14,2,mid_zero,XGB + GNN embed hetero,86.20636371666666,60
30,14,2,mid_zero,XGB + graphfeat proj,76.807554745,60
30,14,2,mid_zero,XGB + graphfeat homo,77.14941998649998,60
30,14,2,mid_zero,XGB + graphfeat hetero,77.44653380246665,60
30,14,2,mid_zero,Residual GNN proj same_group,150.61494117499998,60
30,14,2,mid_zero,Residual GNN proj same_plant,323.5972701333333,60
30,14,2,mid_zero,Residual GNN proj same_storage,512.7507271,60
30,14,2,mid_zero,Residual GNN proj same_subgroup,105.96548702833333,60
30,14,2,mid_zero,Residual GNN homo5,98.69197853266668,60
30,14,2,mid_zero,Residual GNN hetero5,106.76357173333332,60
30,14,2,low_zero,XGB,500.8426362474422,360
30,14,2,low_zero,XGB+Graph proj,1063.1979883454644,360
30,14,2,low_zero,XGB+Graph homo,1064.0715452250015,360
30,14,2,low_zero,XGB+Graph hetero,1056.9519693760199,360
30,14,2,low_zero,GNN proj same_group,1333.7311832985572,360
30,14,2,low_zero,GNN proj same_plant,1385.0076790297235,360
30,14,2,low_zero,GNN proj same_storage,2656.0349077539186,360
30,14,2,low_zero,GNN proj same_subgroup,1353.5779142829933,360
30,14,2,low_zero,GNN homo5,1342.7100324482792,360
30,14,2,low_zero,GNN hetero5,1113.850887297451,360
30,14,2,low_zero,XGB + GNN embed proj,1232.5994906116587,360
30,14,2,low_zero,XGB + GNN embed homo,1119.0118204561124,360
30,14,2,low_zero,XGB + GNN embed hetero,1223.6125321112052,360
30,14,2,low_zero,XGB + graphfeat proj,1101.016686964168,360
30,14,2,low_zero,XGB + graphfeat homo,1082.2778069251863,360
30,14,2,low_zero,XGB + graphfeat hetero,1107.2742702172234,360
30,14,2,low_zero,Residual GNN proj same_group,885.0597790465714,360
30,14,2,low_zero,Residual GNN proj same_plant,1068.2674046396269,360
30,14,2,low_zero,Residual GNN proj same_storage,1055.8261825523123,360
30,14,2,low_zero,Residual GNN proj same_subgroup,960.106450125094,360
30,14,2,low_zero,Residual GNN homo5,1179.2715744364825,360
30,14,2,low_zero,Residual GNN hetero5,962.6992544442526,360
30,30,0,high_zero,XGB,28.322995988888888,180
30,30,0,high_zero,XGB+Graph proj,2.309028158333333,180
30,30,0,high_zero,XGB+Graph homo,1.2337142804222223,180
30,30,0,high_zero,XGB+Graph hetero,2.0870235105555555,180
30,30,0,high_zero,GNN proj same_group,690.1706669152034,180
30,30,0,high_zero,GNN proj same_plant,822.2760456611111,180
30,30,0,high_zero,GNN proj same_storage,1007.8065809571666,180
30,30,0,high_zero,GNN proj same_subgroup,9.922918341722223,180
30,30,0,high_zero,GNN homo5,1.1311916717222223,180
30,30,0,high_zero,GNN hetero5,21.408806841277777,180
30,30,0,high_zero,XGB + GNN embed proj,53.477556203338885,180
30,30,0,high_zero,XGB + GNN embed homo,1.6881881513277777,180
30,30,0,high_zero,XGB + GNN embed hetero,32.16366757777778,180
30,30,0,high_zero,XGB + graphfeat proj,1.4645468696666666,180
30,30,0,high_zero,XGB + graphfeat homo,2.018330397777778,180
30,30,0,high_zero,XGB + graphfeat hetero,3.182326758111111,180
30,30,0,high_zero,Residual GNN proj same_group,225.7318130882222,180
30,30,0,high_zero,Residual GNN proj same_plant,311.33505964249997,180
30,30,0,high_zero,Residual GNN proj same_storage,357.87335668888886,180
30,30,0,high_zero,Residual GNN proj same_subgroup,19.557347200000002,180
30,30,0,high_zero,Residual GNN homo5,1.2242038749444444,180
30,30,0,high_zero,Residual GNN hetero5,11.235572535000001,180
30,30,0,mid_zero,XGB,89.9179529,60
30,30,0,mid_zero,XGB+Graph proj,72.03631086833333,60
30,30,0,mid_zero,XGB+Graph homo,80.07969348833333,60
30,30,0,mid_zero,XGB+Graph hetero,78.15197241633334,60
30,30,0,mid_zero,GNN proj same_group,123.96667480000002,60
30,30,0,mid_zero,GNN proj same_plant,474.25789811666675,60
30,30,0,mid_zero,GNN proj same_storage,1180.5550988333332,60
30,30,0,mid_zero,GNN proj same_subgroup,73.55693124516665,60
30,30,0,mid_zero,GNN homo5,71.121999355,60
30,30,0,mid_zero,GNN hetero5,86.99707078833333,60
30,30,0,mid_zero,XGB + GNN embed proj,105.63532712833334,60
30,30,0,mid_zero,XGB + GNN embed homo,75.77759507716668,60
30,30,0,mid_zero,XGB + GNN embed hetero,90.87773546666668,60
30,30,0,mid_zero,XGB + graphfeat proj,67.19236681083333,60
30,30,0,mid_zero,XGB + graphfeat homo,73.04473230666667,60
30,30,0,mid_zero,XGB + graphfeat hetero,75.21207776166668,60
30,30,0,mid_zero,Residual GNN proj same_group,122.57491013333333,60
30,30,0,mid_zero,Residual GNN proj same_plant,269.4888248333333,60
30,30,0,mid_zero,Residual GNN proj same_storage,479.7463770666667,60
30,30,0,mid_zero,Residual GNN proj same_subgroup,86.02886891666667,60
30,30,0,mid_zero,Residual GNN homo5,73.88406676166666,60
30,30,0,mid_zero,Residual GNN hetero5,102.80284472666668,60
30,30,0,low_zero,XGB,494.22579624230127,360
30,30,0,low_zero,XGB+Graph proj,1066.5150538074586,360
30,30,0,low_zero,XGB+Graph homo,1058.9593411582305,360
30,30,0,low_zero,XGB+Graph hetero,1060.260325226668,360
30,30,0,low_zero,GNN proj same_group,1513.9772944037977,360
30,30,0,low_zero,GNN proj same_plant,1594.455248073242,360
30,30,0,low_zero,GNN proj same_storage,1819.7893623653113,360
30,30,0,low_zero,GNN proj same_subgroup,1405.9185750853264,360
30,30,0,low_zero,GNN homo5,1369.6929278339828,360
30,30,0,low_zero,GNN hetero5,1080.2282225814788,360
30,30,0,low_zero,XGB + GNN embed proj,1129.7733077038902,360
30,30,0,low_zero,XGB + GNN embed homo,1087.5535647065283,360
30,30,0,low_zero,XGB + GNN embed hetero,1058.1443945037975,360
30,30,0,low_zero,XGB + graphfeat proj,1072.63409731889,360
30,30,0,low_zero,XGB + graphfeat homo,1074.1365605790754,360
30,30,0,low_zero,XGB + graphfeat hetero,1070.1307298482423,360
30,30,0,low_zero,Residual GNN proj same_group,799.0953391327267,360
30,30,0,low_zero,Residual GNN proj same_plant,854.2365651596751,360
30,30,0,low_zero,Residual GNN proj same_storage,947.094988650134,360
30,30,0,low_zero,Residual GNN proj same_subgroup,853.0107386846752,360
30,30,0,low_zero,Residual GNN homo5,893.7515068537977,360
30,30,0,low_zero,Residual GNN hetero5,1057.795129498701,360
30,30,1,high_zero,XGB,29.910857866666664,180
30,30,1,high_zero,XGB+Graph proj,2.2439855673333335,180
30,30,1,high_zero,XGB+Graph homo,2.316605534055555,180
30,30,1,high_zero,XGB+Graph hetero,2.263185415498333,180
30,30,1,high_zero,GNN proj same_group,388.2064911017333,180
30,30,1,high_zero,GNN proj same_plant,805.2344750499999,180
30,30,1,high_zero,GNN proj same_storage,1068.9800635,180
30,30,1,high_zero,GNN proj same_subgroup,8.704262294444446,180
30,30,1,high_zero,GNN homo5,20.476176997777777,180
30,30,1,high_zero,GNN hetero5,58.31722369444445,180
30,30,1,high_zero,XGB + GNN embed proj,16.469322778966667,180
30,30,1,high_zero,XGB + GNN embed homo,1.9398154692555554,180
30,30,1,high_zero,XGB + GNN embed hetero,1.374632521611111,180
30,30,1,high_zero,XGB + graphfeat proj,1.674229468777778,180
30,30,1,high_zero,XGB + graphfeat homo,1.7926562761111111,180
30,30,1,high_zero,XGB + graphfeat hetero,1.8048673815,180
30,30,1,high_zero,Residual GNN proj same_group,166.9311284106889,180
30,30,1,high_zero,Residual GNN proj same_plant,144.09512121111112,180
30,30,1,high_zero,Residual GNN proj same_storage,122.40871924444444,180
30,30,1,high_zero,Residual GNN proj same_subgroup,20.69558633888889,180
30,30,1,high_zero,Residual GNN homo5,4.132066380555556,180
30,30,1,high_zero,Residual GNN hetero5,13.186357243777778,180
30,30,1,mid_zero,XGB,87.67375218333333,60
30,30,1,mid_zero,XGB+Graph proj,76.79134229333333,60
30,30,1,mid_zero,XGB+Graph homo,72.43430388833332,60
30,30,1,mid_zero,XGB+Graph hetero,77.90793025233332,60
30,30,1,mid_zero,GNN proj same_group,74.79825077833333,60
30,30,1,mid_zero,GNN proj same_plant,451.9046833166667,60
30,30,1,mid_zero,GNN proj same_storage,1238.4910048333331,60
30,30,1,mid_zero,GNN proj same_subgroup,73.18790609633334,60
30,30,1,mid_zero,GNN homo5,70.76773322616667,60
30,30,1,mid_zero,GNN hetero5,183.69588901666665,60
30,30,1,mid_zero,XGB + GNN embed proj,90.14921266833332,60
30,30,1,mid_zero,XGB + GNN embed homo,74.43095826683334,60
30,30,1,mid_zero,XGB + GNN embed hetero,75.00698342083334,60
30,30,1,mid_zero,XGB + graphfeat proj,68.91171214333333,60
30,30,1,mid_zero,XGB + graphfeat homo,79.98941096,60
30,30,1,mid_zero,XGB + graphfeat hetero,75.17856653333335,60
30,30,1,mid_zero,Residual GNN proj same_group,114.90915675,60
30,30,1,mid_zero,Residual GNN proj same_plant,173.63491548333334,60
30,30,1,mid_zero,Residual GNN proj same_storage,194.33442466666665,60
30,30,1,mid_zero,Residual GNN proj same_subgroup,83.57516815666668,60
30,30,1,mid_zero,Residual GNN homo5,84.03440010999999,60
30,30,1,mid_zero,Residual GNN hetero5,85.82444937833334,60
30,30,1,low_zero,XGB,479.33015906693504,360
30,30,1,low_zero,XGB+Graph proj,1071.2068191526864,360
30,30,1,low_zero,XGB+Graph homo,1074.4041549729643,360
30,30,1,low_zero,XGB+Graph hetero,1054.7760624765754,360
30,30,1,low_zero,GNN proj same_group,1275.1006156908722,360
30,30,1,low_zero,GNN proj same_plant,1475.423370682131,360
30,30,1,low_zero,GNN proj same_storage,1871.720553967257,360
30,30,1,low_zero,GNN proj same_subgroup,1347.9917665942155,360
30,30,1,low_zero,GNN homo5,1319.7159853344458,360
30,30,1,low_zero,GNN hetero5,1195.0074113584271,360
30,30,1,low_zero,XGB + GNN embed proj,1073.428641254168,360
30,30,1,low_zero,XGB + GNN embed homo,1101.185107845553,360
30,30,1,low_zero,XGB + GNN embed hetero,1245.9431580017563,360
30,30,1,low_zero,XGB + graphfeat proj,1068.297938910742,360
30,30,1,low_zero,XGB + graphfeat homo,1075.1182479836864,360
30,30,1,low_zero,XGB + graphfeat hetero,1075.5434443960198,360
30,30,1,low_zero,Residual GNN proj same_group,700.4357659760601,360
30,30,1,low_zero,Residual GNN proj same_plant,773.1541754089639,360
30,30,1,low_zero,Residual GNN proj same_storage,646.6566363564681,360
30,30,1,low_zero,Residual GNN proj same_subgroup,908.1783321068974,360
30,30,1,low_zero,Residual GNN homo5,1075.4043312676865,360
30,30,1,low_zero,Residual GNN hetero5,920.1456524304159,360
30,30,2,high_zero,XGB,15.079344883333336,180
30,30,2,high_zero,XGB+Graph proj,1.839503771142222,180
30,30,2,high_zero,XGB+Graph homo,2.2299478518333333,180
30,30,2,high_zero,XGB+Graph hetero,2.21674395,180
30,30,2,high_zero,GNN proj same_group,600.9693555622044,180
30,30,2,high_zero,GNN proj same_plant,577.2937908194446,180
30,30,2,high_zero,GNN proj same_storage,1083.6605363888889,180
30,30,2,high_zero,GNN proj same_subgroup,7.290219565388889,180
30,30,2,high_zero,GNN homo5,0.7728415698888889,180
30,30,2,high_zero,GNN hetero5,28.755161687222223,180
30,30,2,high_zero,XGB + GNN embed proj,9.406883317555556,180
30,30,2,high_zero,XGB + GNN embed homo,2.526810826888889,180
30,30,2,high_zero,XGB + GNN embed hetero,3.962152584444444,180
30,30,2,high_zero,XGB + graphfeat proj,0.8480763422777777,180
30,30,2,high_zero,XGB + graphfeat homo,1.2656925686777776,180
30,30,2,high_zero,XGB + graphfeat hetero,2.3105520626333336,180
30,30,2,high_zero,Residual GNN proj same_group,206.60508481611112,180
30,30,2,high_zero,Residual GNN proj same_plant,260.9121864055556,180
30,30,2,high_zero,Residual GNN proj same_storage,242.27569696888887,180
30,30,2,high_zero,Residual GNN proj same_subgroup,11.566894705555557,180
30,30,2,high_zero,Residual GNN homo5,2.3064477783333333,180
30,30,2,high_zero,Residual GNN hetero5,4.797928282388889,180
30,30,2,mid_zero,XGB,81.62965220000001,60
30,30,2,mid_zero,XGB+Graph proj,66.29680776333333,60
30,30,2,mid_zero,XGB+Graph homo,71.57736068916665,60
30,30,2,mid_zero,XGB+Graph hetero,71.00494728716667,60
30,30,2,mid_zero,GNN proj same_group,99.49949000000001,60
30,30,2,mid_zero,GNN proj same_plant,329.92955660666667,60
30,30,2,mid_zero,GNN proj same_storage,1281.585171833333,60
30,30,2,mid_zero,GNN proj same_subgroup,73.06412120116667,60
30,30,2,mid_zero,GNN homo5,69.85737093166668,60
30,30,2,mid_zero,GNN hetero5,113.92585722833333,60
30,30,2,mid_zero,XGB + GNN embed proj,80.69643290666667,60
30,30,2,mid_zero,XGB + GNN embed homo,76.97979932833333,60
30,30,2,mid_zero,XGB + GNN embed hetero,75.86322899999999,60
30,30,2,mid_zero,XGB + graphfeat proj,71.27900660333333,60
30,30,2,mid_zero,XGB + graphfeat homo,77.11488111999999,60
30,30,2,mid_zero,XGB + graphfeat hetero,80.03766824,60
30,30,2,mid_zero,Residual GNN proj same_group,99.46578943333333,60
30,30,2,mid_zero,Residual GNN proj same_plant,226.74541616666664,60
30,30,2,mid_zero,Residual GNN proj same_storage,361.0336279333333,60
30,30,2,mid_zero,Residual GNN proj same_subgroup,79.62517800999998,60
30,30,2,mid_zero,Residual GNN homo5,77.07314316666665,60
30,30,2,mid_zero,Residual GNN hetero5,89.09384414166668,60
30,30,2,low_zero,XGB,482.6957244050791,360
30,30,2,low_zero,XGB+Graph proj,1061.5362131940753,360
30,30,2,low_zero,XGB+Graph homo,1041.1915288716866,360
30,30,2,low_zero,XGB+Graph hetero,1038.1289577625198,360
30,30,2,low_zero,GNN proj same_group,1368.8201510024087,360
30,30,2,low_zero,GNN proj same_plant,1369.6183077736823,360
30,30,2,low_zero,GNN proj same_storage,2165.83087759957,360
30,30,2,low_zero,GNN proj same_subgroup,1337.4625787691043,360
30,30,2,low_zero,GNN homo5,1292.975040608705,360
30,30,2,low_zero,GNN hetero5,1094.2071431588822,360
30,30,2,low_zero,XGB + GNN embed proj,1069.4044233142163,360
30,30,2,low_zero,XGB + GNN embed homo,1062.7620800411032,360
30,30,2,low_zero,XGB + GNN embed hetero,1050.722423049266,360
30,30,2,low_zero,XGB + graphfeat proj,1093.9683003605344,360
30,30,2,low_zero,XGB + graphfeat homo,1099.176201965279,360
30,30,2,low_zero,XGB + graphfeat hetero,1107.6314850559365,360
30,30,2,low_zero,Residual GNN proj same_group,735.3199808568935,360
30,30,2,low_zero,Residual GNN proj same_plant,915.7216176327267,360
30,30,2,low_zero,Residual GNN proj same_storage,820.9359911742083,360
30,30,2,low_zero,Residual GNN proj same_subgroup,825.3778352782863,360
30,30,2,low_zero,Residual GNN homo5,958.335619319631,360
30,30,2,low_zero,Residual GNN hetero5,1226.1780424233307,360
