horizon,lag_window,tag,val_rmse,test_rmse,test_mae,n_features,seq_len
1,7,lstm_lag7,1608.370215466576,1576.9563246964071,727.9414,118,7
7,7,lstm_lag7,1539.5949142550453,1531.020574649472,855.4949,118,7
1,14,lstm_lag14,1611.3976852409835,1579.6909507875266,762.84064,146,14
7,14,lstm_lag14,1690.8161490830398,1546.8966513636262,729.22833,146,14
1,30,lstm_lag30,2057.6321342747347,1849.9284445621133,1006.17426,210,30
7,30,lstm_lag30,1773.9872462901192,1506.3576102639108,868.1646,210,30
