horizon,lag_window,tag,val_rmse,test_rmse,test_mae,n_features,seq_len
1,7,gru_lag7,1431.5830398548314,1409.0841440453441,723.904,118,7
7,7,gru_lag7,1555.6964678239776,1528.2154625575545,627.2416,118,7
1,14,gru_lag14,1450.828470219688,1448.6659380271215,662.3744,146,14
7,14,gru_lag14,1565.3949182235133,1536.6059189004836,621.45654,146,14
1,30,gru_lag30,2097.0468521232424,1927.6761268428886,814.8806,210,30
7,30,gru_lag30,1773.0183304184984,1482.9788434094398,816.57996,210,30
